TITLE,DESCRIPTION,PRICE,CURRENCY_CODE,QUANTITY,TAGS,MATERIALS,IMAGE1,IMAGE2,IMAGE3,IMAGE4,IMAGE5,IMAGE6,IMAGE7,IMAGE8,IMAGE9,IMAGE10,"VARIATION 1 TYPE","VARIATION 1 NAME","VARIATION 1 VALUES","VARIATION 2 TYPE","VARIATION 2 NAME","VARIATION 2 VALUES",SKU
"F-35 Fighter Jet Digital Download | Printable Military Wall Art | Aviation Poster","INSTANT DIGITAL DOWNLOAD. No physical item will be shipped.

F-35 Sunrise Takeoff. A fighter jet climbing into a burning sunrise, for anyone who loves military aviation.

This design was created with AI assistance under the creative direction of the seller.

You will receive four high resolution JPG files at 300 DPI:

5x7
8x10
11x14
16x20 - Contact me I will email this one to you as I had issues uploading it.  File to big. 

Print at home, at a local print shop, or through an online printer. Files download instantly after checkout, so there is no waiting and no shipping cost.

Colors will vary slightly depending on your printer and paper. For the sharpest result, print on matte or semi gloss photo paper.

This is for personal use only. Please do not resell or redistribute the files.

Veteran owned shop. Message me if anything comes up.

Want it already printed and ready to hang? The gallery wrapped canvas version of this same design is live in the shop.",5.99,USD,999,"printable_wall_art,digital_download,fighter_jet_print,instant_download,military_wall_art,air_force_decor,aviation_printable,f35_poster_art,man_cave_printable,pilot_gift_idea,boys_room_decor,veteran_gift_idea,wall_art_download",,https://i.etsystatic.com/33452318/r/il/32420f/8423295551/il_fullxfull.8423295551_qaxl.jpg,https://i.etsystatic.com/33452318/r/il/d86fc5/8423295569/il_fullxfull.8423295569_5q27.jpg,https://i.etsystatic.com/33452318/r/il/f19403/8423295579/il_fullxfull.8423295579_grs4.jpg,https://i.etsystatic.com/33452318/r/il/21ead2/8375421518/il_fullxfull.8375421518_9ik7.jpg,https://i.etsystatic.com/33452318/r/il/105c8a/8423295577/il_fullxfull.8423295577_tcqf.jpg,,,,,,,,,,,,
"P-51 Mustang Canvas | WWII Warbird Wall Art | Aviation Gift for Dad","P-51 Mustang. The airplane that a lot of men have been drawing in the margins of notebooks since they were nine years old, finally big enough to hang on a wall.

This design was created with AI assistance under the creative direction of the seller.

Gallery wrapped stretched canvas, ready to hang right out of the box, no framing needed
Printed to order by a US print partner, typically shipped within 3 to 7 business days
Fits an office, a den, a hangar wall, or a man cave without looking like a poster
One of the best gifts you can hand an aviation guy, a pilot, a WWII history buff, or a dad who has been telling the same Mustang story for thirty years

Veteran owned shop. If you have a question before you order, message me and I will get back to you.

This same design is also available as a jigsaw puzzle and as an instant print at home download. Both are in the shop.",5.99,USD,999,"canvas_wall_art,p51_mustang_art,wwii_airplane_art,aviation_wall_art,warbird_print,pilot_gift_idea,man_cave_decor,gift_for_dad,military_wall_decor,ww2_plane_poster,veteran_gift_idea,home_office_decor,airplane_wall_art",,https://i.etsystatic.com/33452318/r/il/589e03/8423279133/il_fullxfull.8423279133_4ho7.jpg,https://i.etsystatic.com/33452318/r/il/8484cd/8423279121/il_fullxfull.8423279121_7183.jpg,https://i.etsystatic.com/33452318/r/il/fc27f1/8375405102/il_fullxfull.8375405102_2nmu.jpg,https://i.etsystatic.com/33452318/r/il/1a317d/8423279125/il_fullxfull.8423279125_thh4.jpg,,,,,,,,,,,,,
"Paratroopers Ready to Jump Puzzle | Airborne Military Art | Gift for Soldiers","Paratroopers Ready to Jump. A stick of jumpers hooked up and waiting for the green light, the last quiet moment before the door. Paratroopers standing hooked up inside an aircraft waiting to jump, printed as a jigsaw puzzle. Puzzle box shown at an angle with pieces spilling out. Close-up of assembled pieces showing rigging and equipment detail.

This design was created with AI assistance under the seller's creative direction.

- Choose your challenge: 120, 252, or 500 pieces
- Printed and cut to order, typically shipped within 3 to 7 business days
- Packed with the small details that make a puzzle satisfying: rigging, kit, the light on the bulkhead
- A meaningful gift for anyone Airborne, past or present, and for the families who know what those wings cost
- Frames up well on a wall once it is finished

Veteran-owned shop. Message me any time with questions.

Care instructions
- Wipe the dirt or dust off gently with a clean, dry microfiber cloth.",32.95,USD,2997,"500_piece_puzzle,adult_jigsaw_puzzle,military_puzzle,airborne_gift,army_veteran_gift,paratrooper_art,puzzle_lover_gift,family_game_night,army_dad_gift,jump_wings_gift,military_art_print,gift_for_soldier,challenging_puzzle",,https://i.etsystatic.com/33452318/r/il/d5573b/8416809413/il_fullxfull.8416809413_o6bl.jpg,https://i.etsystatic.com/33452318/r/il/1a29be/8368928962/il_fullxfull.8368928962_oqjv.jpg,https://i.etsystatic.com/33452318/r/il/40f8f4/8368929694/il_fullxfull.8368929694_n56i.jpg,https://i.etsystatic.com/33452318/r/il/452b05/8416811449/il_fullxfull.8416811449_5xex.jpg,https://i.etsystatic.com/33452318/r/il/5ff545/8368931402/il_fullxfull.8368931402_hf97.jpg,https://i.etsystatic.com/33452318/r/il/796e79/8416813019/il_fullxfull.8416813019_nuly.jpg,https://i.etsystatic.com/33452318/r/il/68c330/8368932968/il_fullxfull.8368932968_jkxg.jpg,,,,"Custom Property",Size,"10&quot; × 8&quot; (120 pcs),14&quot; × 11&quot; (252 pcs),20&quot; × 16&quot; (500 pcs)",,,,"33113667773361149080,23328038374463713232,31747115278418900369"
"P-51 Mustang Canvas | WWII Warbird Wall Art | Aviation Gift for Dad","P-51 Mustang. The airplane that a lot of men have been drawing in the margins of notebooks since they were nine years old, finally big enough to hang on a wall.P-51 Mustang WWII fighter plane in flight, printed on gallery-wrapped canvas. The canvas hanging above a desk in a home office with dark wood furniture. Angled view showing the wrapped edge and depth of the stretched canvas. Size comparison showing the 12x16 next to the 16x20.

This design was created with AI assistance under the seller's creative direction.

Gallery-wrapped, stretched canvas, ready to hang right out of the box, no framing needed
Two sizes: 12x16 and 16x20, landscape orientation
Printed to order by a US print partner, typically shipped within 3 to 7 business days
Fits an office, a den, a hangar wall, or a man cave without looking like a poster
One of the best gifts you can hand an aviation guy, a pilot, a WWII history buff, or a dad who has been telling the same Mustang story for thirty years

Veteran-owned shop. If you have a question before you order, message me, and I will get back to you.

Care instructions
- If the canvas does gather any dust, you may wipe it off gently with a clean, damp cloth.",54.99,USD,1998,"canvas_wall_art,p51_mustang_art,wwii_airplane_art,aviation_wall_art,warbird_print,pilot_gift_idea,man_cave_decor,gift_for_dad,military_wall_decor,ww2_plane_poster,veteran_gift_idea,home_office_decor,airplane_wall_art",,https://i.etsystatic.com/33452318/r/il/ae0d96/8368885306/il_fullxfull.8368885306_a4b1.jpg,https://i.etsystatic.com/33452318/r/il/fdef7f/8368885832/il_fullxfull.8368885832_hd76.jpg,https://i.etsystatic.com/33452318/r/il/d64870/8416767939/il_fullxfull.8416767939_qjlx.jpg,https://i.etsystatic.com/33452318/r/il/4719a5/8368887510/il_fullxfull.8368887510_tl0c.jpg,https://i.etsystatic.com/33452318/r/il/883ce5/8368888342/il_fullxfull.8368888342_jsbn.jpg,https://i.etsystatic.com/33452318/r/il/17be9a/8416770119/il_fullxfull.8416770119_hv2d.jpg,https://i.etsystatic.com/33452318/r/il/092d32/8368889636/il_fullxfull.8368889636_rw4s.jpg,https://i.etsystatic.com/33452318/r/il/98ed27/8368890578/il_fullxfull.8368890578_2fzf.jpg,https://i.etsystatic.com/33452318/r/il/d22350/8368891060/il_fullxfull.8368891060_lfzk.jpg,https://i.etsystatic.com/33452318/r/il/69a540/8368891756/il_fullxfull.8368891756_oymp.jpg,"Custom Property",Sizes,"16″ x 12″ (Horizontal),20″ x 16″ (Horizontal)",,,,"16816857906374427727,94552034198046894783"
"F-35 Sunrise Takeoff Canvas | Fighter Jet Wall Art | Veteran Gift","F-35 Sunrise Takeoff. A fighter jet climbing into a burning sunrise, built for anyone who loves military aviation and the people who fly. F-35 fighter jet lifting off into an orange sunrise sky, printed on gallery-wrapped canvas. The canvas hanging on a neutral wall above a desk in a home office. Side angle showing the wrapped edge and depth of the stretched canvas. Size comparison view showing 12x16 next to 16x20.

This design was created with AI assistance under the creative direction of the seller.

- Gallery-wrapped, stretched canvas, ready to hang straight out of the box, no framing needed
- Two sizes: 12x16 and 16x20, both landscape orientation
- Printed to order by a US print partner, typically shipped within 3 to 7 business days
- Colors run deep and warm, so it holds up well in an office, a den, or a man cave
- A solid gift for an Air Force veteran, a pilot, an aviation buff, or a kid who has decided he is going to fly one someday

From a veteran-owned shop. If you have a question before you order, message me, and I will answer it.



Care instructions
- If the canvas does gather any dust, you may wipe it off gently with a clean, damp cloth.",54.99,USD,1998,"canvas_wall_art,fighter_jet_art,military_wall_decor,air_force_gift,aviation_wall_art,man_cave_decor,veteran_gift_idea,f35_lightning_art,jet_aircraft_print,pilot_gift_idea,home_office_decor,patriotic_wall_art,boys_room_decor",,https://i.etsystatic.com/33452318/r/il/ff4227/8416720361/il_fullxfull.8416720361_n06t.jpg,https://i.etsystatic.com/33452318/r/il/c73127/8416721581/il_fullxfull.8416721581_l3o9.jpg,https://i.etsystatic.com/33452318/r/il/aa4b2c/8368841452/il_fullxfull.8368841452_c386.jpg,https://i.etsystatic.com/33452318/r/il/120dd2/8368842646/il_fullxfull.8368842646_hfj3.jpg,https://i.etsystatic.com/33452318/r/il/8f2d7e/8368843184/il_fullxfull.8368843184_m4gv.jpg,https://i.etsystatic.com/33452318/r/il/4ae378/8368844070/il_fullxfull.8368844070_tp4r.jpg,https://i.etsystatic.com/33452318/r/il/419565/8416726499/il_fullxfull.8416726499_6q0g.jpg,https://i.etsystatic.com/33452318/r/il/d56e7b/8416727609/il_fullxfull.8416727609_1fyq.jpg,https://i.etsystatic.com/33452318/r/il/1790ae/8416728089/il_fullxfull.8416728089_6imd.jpg,https://i.etsystatic.com/33452318/r/il/2c1138/8368847338/il_fullxfull.8368847338_e3bm.jpg,"Custom Property",Sizes,"16″ x 12″ (Horizontal),20″ x 16″ (Horizontal)",,,,"29863996636334013508,20453832346568092230"
"Orbital Space Habitat Puzzle | Space Station Wall Art | Gift for Sci-Fi Fans","Orbital Space Habitat: a one-of-a-kind piece for anyone who loves the golden age of space exploration. A ring-shaped orbital space station with solar panels extended, floating against a starfield with Earth below.

This design was created with AI assistance under the seller's creative direction.

- Bold, imaginative artwork built for fans who love looking past the stars

- Puzzle comes in 120, 252, or 500-piece options. Pick your challenge level.

- Ships from a made-to-order print partner, typically within 3-7 business days

- A conversation-starting gift for the sci-fi lover in your life, or a piece for your own wall

Questions before you order? Just message the shop. Happy to help.


Care instructions
- Wipe the dirt or dust off gently with a clean, dry microfiber cloth.",32.95,USD,2997,"500_piece_puzzle,adult_jigsaw_puzzle,puzzle_lover_gift,family_game_night,puzzle_wall_art,sci_fi_wall_art,space_art_puzzle,space_station_art,astronaut_gift_idea,futuristic_decor,orbital_habitat_gift,alien_planet_art,sci_fi_lover_gift",,https://i.etsystatic.com/33452318/r/il/ac1685/8387268445/il_fullxfull.8387268445_e2vl.jpg,https://i.etsystatic.com/33452318/r/il/8402df/8387269505/il_fullxfull.8387269505_di66.jpg,https://i.etsystatic.com/33452318/r/il/053186/8339386412/il_fullxfull.8339386412_gz98.jpg,https://i.etsystatic.com/33452318/r/il/1e8a97/8387271959/il_fullxfull.8387271959_6tzm.jpg,https://i.etsystatic.com/33452318/r/il/80a5e3/8387272709/il_fullxfull.8387272709_6srn.jpg,https://i.etsystatic.com/33452318/r/il/1f876a/8387273767/il_fullxfull.8387273767_2d1a.jpg,https://i.etsystatic.com/33452318/r/il/79c60b/8339390352/il_fullxfull.8339390352_go7l.jpg,,,,"Custom Property",Size,"10&quot; × 8&quot; (120 pcs),14&quot; × 11&quot; (252 pcs),20&quot; × 16&quot; (500 pcs)",,,,"26147428500082973030,17646295529296008464,88442504414791767454"
"Sunrise Over Mars Puzzle | Orbit View Puzzle | Gift for Stargazers","Sunrise Over Mars: a one-of-a-kind piece for anyone who loves the golden age of space exploration.  Mars's curved horizon glowing at sunrise as seen from orbit, stars fading into red atmosphere.

This design was created with AI assistance under the seller's creative direction.

- Bold, imaginative artwork built for fans who love looking past the stars

- Puzzle comes in 120, 252, or 500-piece options. Pick your challenge level.

- Ships from a made-to-order print partner, typically within 3-7 business days

- A conversation-starting gift for the sci-fi lover in your life, or a piece for your own wall

Questions before you order? Just message the shop, happy to help.


Care instructions
- Wipe the dirt or dust off gently with a clean, dry microfiber cloth.",32.95,USD,2997,"500_piece_puzzle,adult_jigsaw_puzzle,puzzle_lover_gift,family_game_night,puzzle_wall_art,sci_fi_wall_art,space_art_puzzle,Mars_from_space,astronaut_gift_idea,futuristic_decor,stargazer_gift,orbit_view_art,sci_fi_lover_gift",,https://i.etsystatic.com/33452318/r/il/581c8d/8339362862/il_fullxfull.8339362862_5i2k.jpg,https://i.etsystatic.com/33452318/r/il/8f4bd9/8387248707/il_fullxfull.8387248707_sbfi.jpg,https://i.etsystatic.com/33452318/r/il/2fe172/8339365282/il_fullxfull.8339365282_rehk.jpg,https://i.etsystatic.com/33452318/r/il/6f0caa/8387250175/il_fullxfull.8387250175_by9m.jpg,https://i.etsystatic.com/33452318/r/il/96edda/8339366512/il_fullxfull.8339366512_gtdl.jpg,https://i.etsystatic.com/33452318/r/il/a57615/8339367070/il_fullxfull.8339367070_m1ay.jpg,https://i.etsystatic.com/33452318/r/il/5a723b/8339367822/il_fullxfull.8339367822_2a11.jpg,,,,"Custom Property",Size,"10&quot; × 8&quot; (120 pcs),14&quot; × 11&quot; (252 pcs),20&quot; × 16&quot; (500 pcs)",,,,"14083176702323277268,27489940944387037719,39626940856162147995"
"P-51 Mustang Puzzle | WWII Fighter Plane Art | Veteran & Aviation Gift","P-51 Mustang in Flight, a one-of-a-kind piece for anyone who loves military history and service.

This design was created with AI assistance under the seller's creative direction.


High-quality print, made to order — nothing sits in a warehouse, so every piece is fresh

The puzzle comes in 120, 252, or 500-piece options — pick your challenge level.

Ships from a made-to-order print partner, typically within 3-7 business days

A meaningful, conversation-starting gift or a piece for your own wall

Questions before you order? Just message the shop — happy to help.
Care instructions

- Wipe the dirt or dust off gently with a clean, dry microfiber cloth.",34.95,USD,2995,"500_piece_puzzle,adult_jigsaw_puzzle,jigsaw_puzzle_gift,puzzle_lover_gift,family_game_night,puzzle_wall_art,veteran_tribute_gift,military_art_puzzle,fighter_jet_puzzle,wwii_aviation_art,patriotic_wall_decor,army_dad_gift,pilot_gift_idea","Paper,Cardboard",https://i.etsystatic.com/33452318/r/il/1f1c27/7433732764/il_fullxfull.7433732764_8br5.jpg,https://i.etsystatic.com/33452318/r/il/c07831/7481652477/il_fullxfull.7481652477_bc0t.jpg,https://i.etsystatic.com/33452318/r/il/c40139/7433736848/il_fullxfull.7433736848_tu5d.jpg,https://i.etsystatic.com/33452318/r/il/741981/7433738566/il_fullxfull.7433738566_nldk.jpg,https://i.etsystatic.com/33452318/r/il/d3aca1/7481658383/il_fullxfull.7481658383_4naq.jpg,https://i.etsystatic.com/33452318/r/il/cbcf52/7481661191/il_fullxfull.7481661191_86n4.jpg,,,,,"Custom Property",Size,"10&quot; × 8&quot; (120 pcs),14&quot; × 11&quot; (252 pcs),20&quot; × 16&quot; (500 pcs)",,,,"11449183299901268374,32367376861223471804,29615006772225951216"
"Astronaut on Mars Puzzle | Sci-Fi Space Wall Art | Gift for Space Explorers","Astronaut on Mars, a one-of-a-kind piece for anyone who loves the golden age of space exploration. A lone astronaut in a white spacesuit standing on the red Martian surface beneath a dusty pink sky

This design was created with AI assistance under the seller's creative direction.

• High-quality print, made to order; nothing sits in a warehouse, so every piece is fresh

• Puzzle comes in 120, 252, or 500-piece options; pick your challenge level.

• Ships from a made-to-order print partner, typically within 3-7 business days

• A meaningful, conversation-starting gift or a piece for your own wall

Questions before you order? Just message the shop. Happy to help.",34.95,USD,2997,"500_piece_puzzle,adult_jigsaw_puzzle,puzzle_lover_gift,family_game_night,puzzle_wall_art,sci_fi_wall_art,space_art_puzzle,mars_landscape_art,astronaut_gift_idea,futuristic_decor,mars_explorer_gift,alien_planet_art,sci_fi_lover_gift",,https://i.etsystatic.com/33452318/r/il/08e25d/8305556292/il_fullxfull.8305556292_39hp.jpg,https://i.etsystatic.com/33452318/r/il/e698ad/8305557670/il_fullxfull.8305557670_se9e.jpg,https://i.etsystatic.com/33452318/r/il/139128/8305558612/il_fullxfull.8305558612_kmc6.jpg,https://i.etsystatic.com/33452318/r/il/2b6849/8353459075/il_fullxfull.8353459075_eson.jpg,https://i.etsystatic.com/33452318/r/il/0758f9/8353459751/il_fullxfull.8353459751_57xa.jpg,https://i.etsystatic.com/33452318/r/il/889450/8353460485/il_fullxfull.8353460485_tg3y.jpg,https://i.etsystatic.com/33452318/r/il/d72307/8305561374/il_fullxfull.8305561374_rrmr.jpg,,,,"Custom Property",Size,"10&quot; × 8&quot; (120 pcs),14&quot; × 11&quot; (252 pcs),20&quot; × 16&quot; (500 pcs)",,,,"19835278564366144638,21430010882239958569,22182814533211660788"
"Moon Base Aerial View Puzzle | Sci-Fi Space Wall Art | Gift for Astronaut Fans","Moon Base Aerial View, a one-of-a-kind piece for anyone who loves the golden age of space exploration. An aerial view of a lunar research base with connected domes and rover tracks across gray moon dust.

This design was created with AI assistance under the creative direction of the seller.

• High-quality print, made to order — nothing sits in a warehouse, so every piece is fresh

• Puzzle comes in 120, 252, or 500-piece options, pick your challenge level.

• Ships from a made-to-order print partner, typically within 3-7 business days

• A meaningful, conversation-starting gift or a piece for your own wall

Questions before you order? Just message the shop. Happy to help.

- Wipe the dirt or dust off gently with a clean, dry microfiber cloth.",34.95,USD,2997,"500_piece_puzzle,adult_jigsaw_puzzle,puzzle_lover_gift,family_game_night,puzzle_wall_art,sci_fi_wall_art,space_art_puzzle,moon_base_puzzle,astronaut_gift_idea,futuristic_decor,lunar_landscape_art,alien_planet_art,sci_fi_lover_gift",,https://i.etsystatic.com/33452318/r/il/93ad14/8353407525/il_fullxfull.8353407525_2h2a.jpg,https://i.etsystatic.com/33452318/r/il/a1d15d/8305508472/il_fullxfull.8305508472_aks5.jpg,https://i.etsystatic.com/33452318/r/il/72a7b7/8305509202/il_fullxfull.8305509202_7mj7.jpg,https://i.etsystatic.com/33452318/r/il/31ddf8/8305509670/il_fullxfull.8305509670_qz92.jpg,https://i.etsystatic.com/33452318/r/il/febab0/8353410263/il_fullxfull.8353410263_bp6h.jpg,https://i.etsystatic.com/33452318/r/il/02f66d/8305510628/il_fullxfull.8305510628_r8e8.jpg,https://i.etsystatic.com/33452318/r/il/d15b11/8305511090/il_fullxfull.8305511090_83wl.jpg,,,,"Custom Property",Size,"10&quot; × 8&quot; (120 pcs),14&quot; × 11&quot; (252 pcs),20&quot; × 16&quot; (500 pcs)",,,,"15625102942395380610,33601686467542553168,18111892093022302792"
"Martian Sunrise Colony Canvas | Sci-Fi Space Wall Art | Gift for Space Lovers","Martian Sunrise Colony — a one-of-a-kind piece for anyone who loves the golden age of space exploration.

This design was created with AI assistance under the creative direction of the seller.

• High-quality print, made to order; nothing sits in a warehouse, so every piece is fresh

• Ships from a made-to-order print partner, typically within 3-7 business days

• A meaningful, conversation-starting gift or a piece for your own wall

Questions before you order? Just message the shop. Happy to help.

Care instructions
- If the canvas does gather any dust, you may wipe it off gently with a clean, damp cloth.",54.99,USD,1998,"canvas_wall_art,living_room_decor,large_wall_art,modern_home_decor,framed_canvas_print,statement_wall_art,sci_fi_wall_art,space_art_puzzle,mars_landscape_art,astronaut_gift_idea,futuristic_decor,alien_planet_art,sci_fi_lover_gift",,https://i.etsystatic.com/33452318/r/il/f4f385/8305424188/il_fullxfull.8305424188_tg42.jpg,https://i.etsystatic.com/33452318/r/il/17a072/8353325595/il_fullxfull.8353325595_8i7u.jpg,https://i.etsystatic.com/33452318/r/il/91a8f2/8353326241/il_fullxfull.8353326241_9ddb.jpg,https://i.etsystatic.com/33452318/r/il/5bc59e/8353327153/il_fullxfull.8353327153_kbeo.jpg,https://i.etsystatic.com/33452318/r/il/f5512d/8305427632/il_fullxfull.8305427632_h90b.jpg,https://i.etsystatic.com/33452318/r/il/d23269/8353328731/il_fullxfull.8353328731_h8kv.jpg,https://i.etsystatic.com/33452318/r/il/ad2411/8305429242/il_fullxfull.8305429242_1iwt.jpg,https://i.etsystatic.com/33452318/r/il/0c0f87/8353330593/il_fullxfull.8353330593_96j8.jpg,https://i.etsystatic.com/33452318/r/il/f536ee/8305430862/il_fullxfull.8305430862_cinm.jpg,https://i.etsystatic.com/33452318/r/il/4190dc/8353332255/il_fullxfull.8353332255_ne6w.jpg,"Custom Property",Sizes,"16″ x 12″ (Horizontal),20″ x 16″ (Horizontal)",,,,"13757310363557405735,16146964592451315712"
"Reflective Memorial Vigil Canvas | Fallen Soldier Wall Art | Memorial Day Gift","Reflective Memorial Vigil, a one-of-a-kind piece for anyone who loves military history and service. A soldier's boots, rifle, and helmet arranged in a quiet battlefield memorial tribute, framed as wall art.

This design was created with AI assistance under the creative direction of the seller.

• High-quality print, made to order — nothing sits in a warehouse, so every piece is fresh
• Canvas comes in 12x16 or 16x20 — choose your space.
• Ships from a made-to-order print partner, typically within 3-7 business days
• A meaningful, conversation-starting gift or a piece for your own wall

Questions before you order? Just message the shop — happy to help.

Care instructions
- If the canvas does gather any dust, you may wipe it off gently with a clean, damp cloth.",54.99,USD,1998,"canvas_wall_art,living_room_decor,large_wall_art,modern_home_decor,framed_canvas_print,statement_wall_art,veteran_tribute_gift,military_art_puzzle,tank_art_puzzle,fighter_jet_puzzle,patriotic_wall_decor,army_dad_gift,memorial_day_gift",,https://i.etsystatic.com/33452318/r/il/e62fa8/8261752512/il_fullxfull.8261752512_tmoc.jpg,https://i.etsystatic.com/33452318/r/il/4e449a/8309665407/il_fullxfull.8309665407_5oiy.jpg,https://i.etsystatic.com/33452318/r/il/f76bd0/8309666053/il_fullxfull.8309666053_22zp.jpg,https://i.etsystatic.com/33452318/r/il/69b629/8261753336/il_fullxfull.8261753336_dlxy.jpg,https://i.etsystatic.com/33452318/r/il/356c9d/8261753736/il_fullxfull.8261753736_1b1d.jpg,https://i.etsystatic.com/33452318/r/il/a07c79/8309667345/il_fullxfull.8309667345_sulb.jpg,https://i.etsystatic.com/33452318/r/il/16cdde/8309667837/il_fullxfull.8309667837_8bmw.jpg,https://i.etsystatic.com/33452318/r/il/b47657/8309668399/il_fullxfull.8309668399_jp2m.jpg,https://i.etsystatic.com/33452318/r/il/255c9d/8261755390/il_fullxfull.8261755390_r4k2.jpg,https://i.etsystatic.com/33452318/r/il/a47ab8/8309669137/il_fullxfull.8309669137_1hy3.jpg,"Custom Property",Sizes,"16″ x 12″ (Horizontal),20″ x 16″ (Horizontal)",,,,"18993498225481980009,12987461512914219859"
"Soldier Silhouette Sunset Canvas | Matte Stretched Canvas","A matte stretched canvas print that captures a quiet, powerful moment at dusk—three silhouetted soldiers framed against a deep orange sunset with helicopters cutting the skyline. The muted matte surface keeps glare low and colors rich, letting the dramatic contrast of shadow and light bring a contemplative atmosphere to a living room, office, or den. Stretched over a slim 1.25"" pine frame, the piece hangs flush and steady, the soft rubber dots protecting walls and keeping alignment true. It feels like a memory caught between duty and dusk—subtle, respectful, and quietly bold.

Product features
- Matte cotton-poly canvas coating with UL-certified Greenguard Gold inks
- Stretched on 1.25"" radiata pine frame from FSC-certified renewable forests
- Printed with non-toxic, non-flammable latex inks
- Soft rubber dots on back and included back-hanging hardware for secure display
- Available in multiple orientations and many sizes; slight size tolerance +/- 1/8""

Care instructions
- If the canvas does gather any dust, you may wipe it off gently with a clean, damp cloth.",54.99,USD,1998,"canvas_wall_art,living_room_decor,large_wall_art,modern_home_decor,framed_canvas_print,statement_wall_art,veteran_tribute_gift,military_art_puzzle,tank_art_puzzle,fighter_jet_puzzle,patriotic_wall_decor,army_dad_gift,memorial_day_gift",,https://i.etsystatic.com/33452318/r/il/955bd8/8309670005/il_fullxfull.8309670005_nqxl.jpg,https://i.etsystatic.com/33452318/r/il/f74fb3/8261756412/il_fullxfull.8261756412_ndkh.jpg,https://i.etsystatic.com/33452318/r/il/c808e4/8261757024/il_fullxfull.8261757024_dy9o.jpg,https://i.etsystatic.com/33452318/r/il/a0a792/8261757388/il_fullxfull.8261757388_p736.jpg,https://i.etsystatic.com/33452318/r/il/4d8867/8309671041/il_fullxfull.8309671041_9uu0.jpg,https://i.etsystatic.com/33452318/r/il/4754ae/8309671419/il_fullxfull.8309671419_5ecp.jpg,https://i.etsystatic.com/33452318/r/il/be5fd1/8261758312/il_fullxfull.8261758312_brrx.jpg,https://i.etsystatic.com/33452318/r/il/d0cdab/8309671975/il_fullxfull.8309671975_7uio.jpg,https://i.etsystatic.com/33452318/r/il/c6f203/8261759016/il_fullxfull.8261759016_h35c.jpg,https://i.etsystatic.com/33452318/r/il/8fa98d/8309672559/il_fullxfull.8309672559_6tp7.jpg,"Custom Property",Sizes,"16″ x 12″ (Horizontal),20″ x 16″ (Horizontal)",,,,"19256318051075952087,23111947181902858443"
"Arlington Autumn Salute Canvas | Veteran Memorial Wall Art | Patriotic Tribute Gift","Arlington Autumn Salute, a one-of-a-kind piece for anyone who loves military history and service. Autumn trees over rows of white headstones at Arlington National Cemetery, framed as wall art canvas.

This design was created with AI assistance under the creative direction of the seller.

• High-quality print, made to order — nothing sits in a warehouse, so every piece is fresh
• Canvas comes in 12x16 or 16x20 — choose your space.
• Ships from a made-to-order print partner, typically within 3-7 business days
• A meaningful, conversation-starting gift or a piece for your own wall

Questions before you order? Just message the shop — happy to help.


Care instructions
- If the canvas does gather any dust, you may wipe it off gently with a clean, damp cloth.",54.99,USD,1998,"canvas_wall_art,living_room_decor,large_wall_art,modern_home_decor,framed_canvas_print,statement_wall_art,veteran_tribute_gift,military_art_puzzle,tank_art_puzzle,fighter_jet_puzzle,patriotic_wall_decor,army_dad_gift,memorial_day_gift",,https://i.etsystatic.com/33452318/r/il/0043c5/8309651261/il_fullxfull.8309651261_i8zz.jpg,https://i.etsystatic.com/33452318/r/il/263c08/8309650993/il_fullxfull.8309650993_ga4b.jpg,https://i.etsystatic.com/33452318/r/il/b3d4fe/8261737974/il_fullxfull.8261737974_rlc9.jpg,https://i.etsystatic.com/33452318/r/il/7bcf55/8261738340/il_fullxfull.8261738340_9mqa.jpg,https://i.etsystatic.com/33452318/r/il/d4cbeb/8261738930/il_fullxfull.8261738930_94o5.jpg,https://i.etsystatic.com/33452318/r/il/a08b5b/8261739508/il_fullxfull.8261739508_6hfy.jpg,https://i.etsystatic.com/33452318/r/il/2eb642/8309653335/il_fullxfull.8309653335_qf57.jpg,https://i.etsystatic.com/33452318/r/il/347f3f/8261740598/il_fullxfull.8261740598_6jv5.jpg,https://i.etsystatic.com/33452318/r/il/38c5a7/8261741306/il_fullxfull.8261741306_f8au.jpg,https://i.etsystatic.com/33452318/r/il/3cdcd5/8261741794/il_fullxfull.8261741794_b8fs.jpg,"Custom Property",Sizes,"16″ x 12″ (Horizontal),20″ x 16″ (Horizontal)",,,,"21885244568408214782,69316680240519506691"
"Gothic Cathedral Radiance Canvas | Sacred Architecture Wall Art | Reverent Home Decor Gift","Gothic Cathedral Radiance, a one-of-a-kind piece for anyone who loves faith and scripture. Sunlight streaming through the stained-glass windows of a Gothic cathedral interior, shown as a framed canvas in a study.

This design was created with AI assistance under the creative direction of the seller.

• High-quality print, made to order — nothing sits in a warehouse, so every piece is fresh
• Canvas comes in 12x16 or 16x20 — choose your space.
• Ships from a made-to-order print partner, typically within 3-7 business days
• A meaningful, conversation-starting gift or a piece for your own wall

Questions before you order? Just message the shop, happy to help.

Care instructions
- If the canvas does gather any dust, you may wipe it off gently with a clean, damp cloth.",54.99,USD,1998,,,https://i.etsystatic.com/33452318/r/il/6b25f9/8257028054/il_fullxfull.8257028054_h5ap.jpg,https://i.etsystatic.com/33452318/r/il/31b455/8304941459/il_fullxfull.8304941459_7a5c.jpg,https://i.etsystatic.com/33452318/r/il/3bd032/8304942319/il_fullxfull.8304942319_7nkd.jpg,https://i.etsystatic.com/33452318/r/il/b2e9a6/8304942685/il_fullxfull.8304942685_8gxw.jpg,https://i.etsystatic.com/33452318/r/il/24c42e/8257029258/il_fullxfull.8257029258_g1xi.jpg,https://i.etsystatic.com/33452318/r/il/bfe420/8304943951/il_fullxfull.8304943951_syv1.jpg,https://i.etsystatic.com/33452318/r/il/d58617/8257030668/il_fullxfull.8257030668_gzkf.jpg,https://i.etsystatic.com/33452318/r/il/c883e7/8304945197/il_fullxfull.8304945197_olck.jpg,https://i.etsystatic.com/33452318/r/il/92dc88/8257031894/il_fullxfull.8257031894_sfjf.jpg,https://i.etsystatic.com/33452318/r/il/ef68ea/8257032598/il_fullxfull.8257032598_myfv.jpg,"Custom Property",Sizes,"16″ x 12″ (Horizontal),20″ x 16″ (Horizontal)",,,,"13892644591560626495,25479344242040023205"
"Sunset Cross Silhouette Canvas | Christian Faith Wall Art | Meaningful Sympathy Gift","Sunset Cross Silhouette, a one-of-a-kind piece for anyone who loves faith and scripture. A wooden cross silhouetted against a warm sunset sky, displayed as a framed canvas in a minimal living room.

This design was created with AI assistance under the creative direction of the seller.

• High-quality print, made to order — nothing sits in a warehouse, so every piece is fresh
• Canvas comes in 12x16 or 16x20 — choose your space.
• Ships from a made-to-order print partner, typically within 3-7 business days
• A meaningful, conversation-starting gift or a piece for your own wall

Questions before you order? Just message the shop — happy to help.


Care instructions
- If the canvas does gather any dust, you may wipe it off gently with a clean, damp cloth.",54.99,USD,1998,"canvas_wall_art,living_room_decor,large_wall_art,modern_home_decor,framed_canvas_print,statement_wall_art,christian_wall_art,bible_story_puzzle,faith_based_gift,scripture_art_gift,church_gift_idea,christian_home_decor,sunday_school_gift",,https://i.etsystatic.com/33452318/r/il/3e2e20/8304926041/il_fullxfull.8304926041_9jvy.jpg,https://i.etsystatic.com/33452318/r/il/080412/8257011940/il_fullxfull.8257011940_qj1t.jpg,https://i.etsystatic.com/33452318/r/il/f90804/8304926433/il_fullxfull.8304926433_j8r3.jpg,https://i.etsystatic.com/33452318/r/il/297902/8257013116/il_fullxfull.8257013116_h9xu.jpg,https://i.etsystatic.com/33452318/r/il/854fbd/8304927185/il_fullxfull.8304927185_2lfc.jpg,https://i.etsystatic.com/33452318/r/il/ca29b3/8304927549/il_fullxfull.8304927549_trxe.jpg,https://i.etsystatic.com/33452318/r/il/1e15b2/8257014484/il_fullxfull.8257014484_pgcx.jpg,https://i.etsystatic.com/33452318/r/il/549983/8257014880/il_fullxfull.8257014880_lptq.jpg,https://i.etsystatic.com/33452318/r/il/461011/8304929141/il_fullxfull.8304929141_7n97.jpg,https://i.etsystatic.com/33452318/r/il/efc9c2/8257015762/il_fullxfull.8257015762_g4v3.jpg,"Custom Property",Sizes,"16″ x 12″ (Horizontal),20″ x 16″ (Horizontal)",,,,"43415897550887695840,13536149219516959740"
"Golden City Revelation Canvas | Christian Prophecy Wall Art | Faith-Filled Home Decor Gift","Golden City Revelation — a one-of-a-kind piece for anyone who loves faith and scripture.
This design was created with AI assistance under the creative direction of the seller.

• High-quality print, made to order — nothing sits in a warehouse, so every piece is fresh
• Canvas comes in 12x16 or 16x20 — choose your space.
• Ships from a made-to-order print partner, typically within 3-7 business days
• A meaningful, conversation-starting gift or a piece for your own wall

Questions before you order? Just message the shop — happy to help.

Care instructions
- If the canvas does gather any dust, you may wipe it off gently with a clean, damp cloth.",54.99,USD,1998,"canvas_wall_art,living_room_decor,large_wall_art,modern_home_decor,framed_canvas_print,statement_wall_art,christian_wall_art,bible_story_puzzle,faith_based_gift,scripture_art_gift,church_gift_idea,christian_home_decor,sunday_school_gift",,https://i.etsystatic.com/33452318/r/il/0cd1b8/8305530282/il_fullxfull.8305530282_h8m2.jpg,https://i.etsystatic.com/33452318/r/il/47ffb0/8305531122/il_fullxfull.8305531122_fpcz.jpg,https://i.etsystatic.com/33452318/r/il/6f8529/8353431393/il_fullxfull.8353431393_27n3.jpg,https://i.etsystatic.com/33452318/r/il/9606e4/8305532192/il_fullxfull.8305532192_hsru.jpg,https://i.etsystatic.com/33452318/r/il/a11aea/8353432533/il_fullxfull.8353432533_r4a3.jpg,https://i.etsystatic.com/33452318/r/il/d7472f/8353433397/il_fullxfull.8353433397_o9t0.jpg,https://i.etsystatic.com/33452318/r/il/53eee9/8353433881/il_fullxfull.8353433881_ioqm.jpg,https://i.etsystatic.com/33452318/r/il/72f083/8353434531/il_fullxfull.8353434531_slxz.jpg,https://i.etsystatic.com/33452318/r/il/353bcf/8305535094/il_fullxfull.8305535094_py34.jpg,https://i.etsystatic.com/33452318/r/il/4ffaf8/8305535512/il_fullxfull.8305535512_g0gd.jpg,"Custom Property",Sizes,"16″ x 12″ (Horizontal),20″ x 16″ (Horizontal)",,,,"26467227529897687435,18817894821308304589"
"Lakeside Village Jigsaw Puzzle: Peaceful Sunrise Reflection Art","I🌅 Calm waters, golden light, and timeless charm — piece it all together. 🌅

This lakeside village jigsaw puzzle features a tranquil dawn scene with soft sunrise hues, charming cottages, a steepled church, and wooden boats resting peacefully on the water. The mirror-like reflections create a soothing atmosphere, making this puzzle both a relaxing challenge and a beautiful collectible.

🧩 Available in three sizes:

120 pieces – quick and fun, perfect for kids or casual puzzlers

252 pieces – a balanced challenge for families and fans

500 pieces – a rewarding test for puzzle collectors and nature lovers

🎁 Why you’ll love it:

Printed in vivid, fade-resistant colors

Made from durable chipboard for long-lasting quality

Packaged in a sturdy box featuring the artwork

Perfect as a Christian gift, peaceful wall art, or centerpiece for family game night

Whether you’re puzzling solo, gifting to a loved one, or adding to your collection, this design brings the beauty of still waters and quiet mornings to life.

👉 Add to cart today and Armor Up your puzzle night!

Care instructions
- Wipe the dirt or dust off gently with a clean, dry microfiber cloth.",29.99,USD,2997,"Puzzle_design,Home_decor,Puzzle_art,Relaxing_activity,Hobby_gift,Artistic_puzzle,Decorative_puzzle,Puzzle_lovers,Gift_for_him,Gift_for_her,Family_gaming,Puzzle_fun,Indoor_activity",,https://i.etsystatic.com/33452318/r/il/6b84de/7224009504/il_fullxfull.7224009504_d1ec.jpg,https://i.etsystatic.com/33452318/r/il/c14028/7224008204/il_fullxfull.7224008204_odfv.jpg,https://i.etsystatic.com/33452318/r/il/818506/7271974741/il_fullxfull.7271974741_249r.jpg,https://i.etsystatic.com/33452318/r/il/8f80e0/7224008996/il_fullxfull.7224008996_2row.jpg,https://i.etsystatic.com/33452318/r/il/b6af41/7271975897/il_fullxfull.7271975897_nusc.jpg,,,,,,"Custom Property",Size,"10&quot; × 8&quot; (120 pcs),14&quot; × 11&quot; (252 pcs),20&quot; × 16&quot; (500 pcs)",,,,"16753289443405471947,34020564574080723954,23300295044956056624"
"Alpine Valley Jigsaw Puzzle: Mountain Sunrise Cabin Art","🌄 Experience the peace of an alpine sunrise with every puzzle piece. 🌄

This Alpine valley jigsaw puzzle captures a breathtaking mountain scene — snow-capped peaks rising above lush green meadows, cozy wooden cabins along the riverbank, and vibrant wildflowers glowing in the morning sun. A perfect blend of serenity and challenge, this puzzle is ideal for nature lovers, travel enthusiasts, and puzzle collectors.

🧩 Available in three sizes:

120 pieces – fun and quick, great for kids or casual puzzlers

252 pieces – a balanced challenge for families and fans

500 pieces – a rewarding test for puzzle collectors and nature enthusiasts

🎁 Why you’ll love it:

Printed with vivid, fade-resistant colors

Built with durable chipboard for lasting quality

Packaged in a sturdy box featuring the artwork

Perfect as a travel gift, nature wall art, or centerpiece for family game night

Whether you’re puzzling solo or with loved ones, this design brings the beauty of the mountains to your table.",29.99,USD,2997,"Alpine_puzzle,Mountain_sunrise_art,Nature_jigsaw_puzzle,Cabin_river_puzzle,Scenic_landscape_art,Travel_gift_puzzle,Family_game_night,500_piece_puzzle,252_piece_puzzle,120_piece_puzzle,Unique_puzzle_gift,Relaxing_puzzle_art,Outdoor_wall_decor",,https://i.etsystatic.com/33452318/r/il/6b0d2c/7271925683/il_fullxfull.7271925683_plwq.jpg,https://i.etsystatic.com/33452318/r/il/f14d20/7223960630/il_fullxfull.7223960630_2n4t.jpg,https://i.etsystatic.com/33452318/r/il/e9ca81/7223961032/il_fullxfull.7223961032_ph4t.jpg,https://i.etsystatic.com/33452318/r/il/8961c0/7271926883/il_fullxfull.7271926883_g6s4.jpg,https://i.etsystatic.com/33452318/r/il/af1c5d/7271927291/il_fullxfull.7271927291_bctk.jpg,,,,,,"Custom Property",Size,"10&quot; × 8&quot; (120 pcs),14&quot; × 11&quot; (252 pcs),20&quot; × 16&quot; (500 pcs)",,,,"26606008431044038484,60737690971945402461,29211307427514952816"
"Dragon and Futuristic City Jigsaw Puzzle: Fantasy Sci-Fi Art","Dive into a magical realm with our beautifully crafted Puzzle! Perfect for family game nights or a cozy evening alone, this puzzle brings vibrant scenes to life. Each piece fits seamlessly, offering an enchanting challenge that stimulates the mind while providing a sense of satisfaction with every connection. Ideal for enthusiasts of fantasy art, families, or anyone looking to unwind while enjoying a creative pastime. Perfect for gifting during holidays like Christmas, birthdays, or any occasion that calls for a thoughtful present. Add a bit of adventure to your home with this captivating puzzle!

🐉🌌 A dragon guards the castle as a futuristic city rises beyond the stars. 🌌🐉

This fantasy sci fi jigsaw puzzle brings together two epic worlds — a medieval castle with a mighty dragon perched on its towers, and a glowing futuristic city of skyscrapers and starships under a galaxy-lit sky. Perfect for fans of fantasy, science fiction, and breathtaking art, this puzzle makes for both a challenging build and a collectible masterpiece.

🧩 Available in three sizes:

120 pieces – quick and fun, great for kids and casual puzzlers

252 pieces – a balanced challenge for families and fans

500 pieces – a rewarding test for puzzle collectors and sci fi lovers

🎁 Why you’ll love it:

Printed with vivid, fade-resistant colors

Made from durable chipboard for long-lasting quality

Packaged in a sturdy box featuring the artwork

Perfect as a fantasy gift, nerd culture collectible, or centerpiece for family game night

This puzzle is more than entertainment — it’s a collectible that bridges worlds, inviting you into a realm of dragons, castles, and futuristic wonder.

👉 Add to cart today and Armor Up your puzzle night!

Care instructions
- Wipe the dirt or dust off gently with a clean, dry microfiber cloth.",29.99,USD,2997,"fantasy_puzzle,dragon_art,magical_puzzles,home_decoration,gift_for_adults,unique_gift_idea,puzzle_lovers,colorful_jigsaw,family_activity,night_scenery,collectible_puzzle,challenging_puzzles,interior_decor",,https://i.etsystatic.com/33452318/r/il/c52804/7267412755/il_fullxfull.7267412755_t4r4.jpg,https://i.etsystatic.com/33452318/r/il/67ee20/7267414571/il_fullxfull.7267414571_dvs1.jpg,https://i.etsystatic.com/33452318/r/il/a3a48e/7267416899/il_fullxfull.7267416899_hy1b.jpg,https://i.etsystatic.com/33452318/r/il/d2ffe9/7267418621/il_fullxfull.7267418621_su2r.jpg,https://i.etsystatic.com/33452318/r/il/14bf6e/7219450882/il_fullxfull.7219450882_4f2c.jpg,,,,,,"Custom Property",Size,"10&quot; × 8&quot; (120 pcs),14&quot; × 11&quot; (252 pcs),20&quot; × 16&quot; (500 pcs)",,,,"84444018148529079017,88360999675703460182,29304634950307748152"
"Seaside Village Jigsaw Puzzle: Colorful Mediterranean Coastal Town Art","🌅 Bring the beauty of the coast to your puzzle table. 🌅

This seaside village jigsaw puzzle features a stunning Mediterranean-inspired coastal town with vibrant houses climbing the cliffside, calm turquoise waters, and small fishing boats bobbing in the harbor. The rich colors and peaceful scenery make this puzzle both a joy to complete and a beautiful collectible.

🧩 Available in three sizes:

120 pieces – quick and fun, perfect for kids and casual puzzlers

252 pieces – a balanced challenge for families and fans

500 pieces – a rewarding puzzle for collectors and travel lovers

🎁 Why you’ll love it:

Printed in vivid, fade-resistant colors

Made with durable chipboard for long-lasting quality

Packaged in a sturdy box featuring the artwork

Perfect as a travel gift, coastal decor piece, or centerpiece for family game night

Whether you’re a puzzle enthusiast, a lover of seaside views, or someone looking for a thoughtful gift, this puzzle is sure to delight.

👉 Add to cart today and Armor Up your puzzle night!
Care instructions
- Wipe the dirt or dust off gently with a clean, dry microfiber cloth.",29.99,USD,2997,"Seaside_puzzle,Coastal_town_art,Mediterranean_puzzle,Colorful_village_art,Ocean_view_puzzle,Harbor_scene_puzzle,Travel_gift_idea,Family_game_night,Unique_puzzle_gift,Coastal_wall_decor,gifts_for_him,gift_ideas",,https://i.etsystatic.com/33452318/r/il/e0b60a/7267399627/il_fullxfull.7267399627_j9yl.jpg,https://i.etsystatic.com/33452318/r/il/d586b0/7219431818/il_fullxfull.7219431818_f3ap.jpg,https://i.etsystatic.com/33452318/r/il/d19f5d/7219432706/il_fullxfull.7219432706_qhe9.jpg,https://i.etsystatic.com/33452318/r/il/86513f/7267402447/il_fullxfull.7267402447_2s9a.jpg,https://i.etsystatic.com/33452318/r/il/1795f7/7219434186/il_fullxfull.7219434186_r0uz.jpg,,,,,,"Custom Property",Size,"10&quot; × 8&quot; (120 pcs),14&quot; × 11&quot; (252 pcs),20&quot; × 16&quot; (500 pcs)",,,,"21242741683315110146,26214226157579398549,10407969640448041083"
"Epic Fantasy Battle Jigsaw Puzzle: Medieval War, Magic Art","🔥⚔️ Step into the heart of an epic fantasy war. ⚔️🔥

This epic battle jigsaw puzzle showcases a breathtaking scene of medieval warriors clashing under a stormy sky. Fiery meteors rain down, armies clash with steel and sorcery, and a lone mage stands at the front, wielding glowing magic as the battlefield erupts in chaos. A stunning collectible for fantasy fans, gamers, and puzzle lovers alike.

🧩 Available in three sizes:

120 pieces – quick fun for kids and casual puzzlers

252 pieces – a balanced challenge for families and fans

500 pieces – a rewarding puzzle for collectors and fantasy enthusiasts

🎁 Why you’ll love it:

Printed with vivid, fade-resistant colors

Made with durable chipboard for long-lasting quality

Packaged in a sturdy box featuring the artwork

Perfect as a fantasy gift, nerd culture collectible, or centerpiece for family game night

This puzzle is more than just a challenge — it’s a work of art that transports you into a world of fire, steel, and magic.

👉 Add to cart today and Armor Up your puzzle night!
Care instructions
- Wipe the dirt or dust off gently with a clean, dry microfiber cloth.",29.99,USD,2997,"Fantasybattle_puzzle,Epic_war_jigsaw,Medieval_army_art,Magic_duel_puzzle,Knights_puzzle,Fantasy_gift,War_art_puzzle,Nerd_culture_gift,500_piece_puzzle,252_piece_puzzle,120_piece_puzzle,Game_night_puzzle,Unique_puzzle_gift",,https://i.etsystatic.com/33452318/r/il/4123fe/7264661463/il_fullxfull.7264661463_hwl0.jpg,https://i.etsystatic.com/33452318/r/il/09efad/7264659853/il_fullxfull.7264659853_3pl9.jpg,https://i.etsystatic.com/33452318/r/il/94b24f/7216691104/il_fullxfull.7216691104_8i4p.jpg,https://i.etsystatic.com/33452318/r/il/8bc2be/7264660519/il_fullxfull.7264660519_5knp.jpg,https://i.etsystatic.com/33452318/r/il/5fea8d/7264662111/il_fullxfull.7264662111_r2vl.jpg,,,,,,"Custom Property",Size,"10&quot; × 8&quot; (120 pcs),14&quot; × 11&quot; (252 pcs),20&quot; × 16&quot; (500 pcs)",,,,"54621098041762766715,16817765961401347903,31670160733550721674"
"Castle Siege Jigsaw Puzzle: Medieval Battle Fantasy Art","🔥⚔️ Defend the walls or storm the gates in this epic puzzle challenge. ⚔️🔥

This castle siege jigsaw puzzle brings to life a dramatic medieval battle scene — towering stone walls under siege, catapults launching fire, and warriors clashing as flames engulf the fortress. Perfect for fans of fantasy, medieval history, and epic storytelling, this puzzle delivers both challenge and adventure.

🧩 Available in three sizes:

120 pieces – fast and fun, great for kids or casual puzzlers

252 pieces – an engaging challenge for families and fans

500 pieces – a thrilling test for puzzle collectors and fantasy lovers

🎁 Why you’ll love it:

Printed in vivid, fade-resistant colors

Built with durable chipboard for long-lasting use

Packaged in a sturdy box featuring the artwork

Makes a perfect fantasy gift, nerd culture collectible, or centerpiece for family game night

This puzzle is more than entertainment — it’s a collectible art piece that transports you into a world of fire, stone, and battle.

👉 Add to cart today and Armor Up your puzzle night!
Care instructions
- Wipe the dirt or dust off gently with a clean, dry microfiber cloth.",29.99,USD,2997,"Castle_siege_puzzle,Fantasy_jigsaw,Medieval_battle_art,Fortress_puzzle,Knights_puzzle,Fantasy_gift,War_art_puzzle,Nerd_culture_gift,500_piece_puzzle,252_piece_puzzle,120_piece_puzzle,Unique_puzzle_gift",,https://i.etsystatic.com/33452318/r/il/ddf0b4/7216563154/il_fullxfull.7216563154_c9wt.jpg,https://i.etsystatic.com/33452318/r/il/e47d29/7216563988/il_fullxfull.7216563988_3tx6.jpg,https://i.etsystatic.com/33452318/r/il/129b4d/7216564558/il_fullxfull.7216564558_4j1t.jpg,,,,,,,,"Custom Property",Size,"10&quot; × 8&quot; (120 pcs),14&quot; × 11&quot; (252 pcs),20&quot; × 16&quot; (500 pcs)",,,,"17472853676270469523,17151599952120273907,56759318879139559302"
"Wizard Battle Jigsaw Puzzle: Fantasy Magic Duel Art - Game Night","⚡🔥 Unleash the power of fire and lightning in your next puzzle night. 🔥⚡

This fantasy wizard battle jigsaw puzzle captures an epic duel between two powerful mages — one wielding fire, the other lightning — locked in combat among ancient ruins. The dramatic clash of magic makes this a stunning piece of fantasy art and a thrilling challenge to complete.

🧩 Available in three sizes:

120 pieces – fun and quick, perfect for kids or casual puzzlers

252 pieces – a balanced challenge for families and fans

500 pieces – a rewarding test for puzzle collectors and fantasy lovers

🎁 Why you’ll love it:

Printed with vivid, fade-resistant colors

Crafted from durable chipboard for lasting quality

Packaged in a sturdy box featuring the artwork

Ideal for fans of fantasy art, nerd culture, and unique collectible gifts

This puzzle is more than just a pastime — it’s a collectible that brings imagination and magic to life. Perfect for gifting or powering up your own game night.

👉 Add to cart today and Armor Up your puzzle night!

Care instructions
- Wipe the dirt or dust off gently with a clean, dry microfiber cloth.",27.99,USD,2997,"Wizard_puzzle,Fantasy_jigsaw,Magic_duel_art,Mage_battle_puzzle,Sorcerer_puzzle,Fantasy_gift,Nerd_culture_art,Fantasy_wall_art,Unique_puzzle_gift,Game_night_puzzle,500_piece_puzzle,252_piece_puzzle,120_piece_puzzle",,https://i.etsystatic.com/33452318/r/il/6e0b48/7204593672/il_fullxfull.7204593672_92go.jpg,https://i.etsystatic.com/33452318/r/il/48620e/7204588006/il_fullxfull.7204588006_8swq.jpg,https://i.etsystatic.com/33452318/r/il/4a658a/7204589412/il_fullxfull.7204589412_5g2s.jpg,https://i.etsystatic.com/33452318/r/il/9399bb/7252568891/il_fullxfull.7252568891_jafy.jpg,https://i.etsystatic.com/33452318/r/il/6070c6/7204594990/il_fullxfull.7204594990_embm.jpg,https://i.etsystatic.com/33452318/r/il/a4e119/7252574091/il_fullxfull.7252574091_cmst.jpg,https://i.etsystatic.com/33452318/r/il/cbe2a1/7252574787/il_fullxfull.7252574787_ispj.jpg,,,,"Custom Property",Size,"10&quot; × 8&quot; (120 pcs),14&quot; × 11&quot; (252 pcs),20&quot; × 16&quot; (500 pcs)",,,,"65023506889187680289,26295856293168043886,37727631510619691739"
"Noah's Ark Jigsaw Puzzle: Christian Bible Story Family Game","🌊 Piece together a powerful story of faith and survival. 🌊

This Noah’s Ark jigsaw puzzle captures the dramatic biblical moment when the ark braved the storm, lightning flashing across the skies, and the Lord’s promise held strong. With scripture from Genesis 7:16 printed directly on the artwork, this puzzle is both a spiritual keepsake and an inspiring challenge.

🧩 Available in three sizes:

120 pieces – quick and fun, great for kids and family time

252 pieces – a balanced challenge for casual puzzlers

500 pieces – a rewarding test for puzzle lovers and collectors

🎁 Why you’ll love it:

Printed in vivid, fade-resistant colors

Crafted on durable chipboard for lasting quality

Packaged in a sturdy box with artwork on the cover

Perfect as a Christian gift, Bible study activity, or inspirational family game night

This puzzle isn’t just a pastime—it’s a way to connect with faith, share stories, and enjoy meaningful time together.

👉 Add to cart today and Armor Up your puzzle night!

Care instructions
- Wipe the dirt or dust off gently with a clean, dry microfiber cloth.",29.99,USD,2997,"Noahs_Ark_puzzle,Christian_jigsaw,Bible_story_puzzle,Religious_gift,Faith_puzzle,Christian_decor,Inspirational_art,Family_game_night,500_piece_puzzle,252_piece_puzzle,120_piece_puzzle,Bible_verse_puzzle,Christian_gift_idea",,https://i.etsystatic.com/33452318/r/il/247e5c/7252204515/il_fullxfull.7252204515_3n5p.jpg,https://i.etsystatic.com/33452318/r/il/aafe28/7252206729/il_fullxfull.7252206729_j0p2.jpg,https://i.etsystatic.com/33452318/r/il/771039/7204228504/il_fullxfull.7204228504_dmyx.jpg,https://i.etsystatic.com/33452318/r/il/5275fc/7204230658/il_fullxfull.7204230658_ikgx.jpg,https://i.etsystatic.com/33452318/r/il/1905e3/7204233558/il_fullxfull.7204233558_rtfw.jpg,,,,,,"Custom Property",Size,"10&quot; × 8&quot; (120 pcs),14&quot; × 11&quot; (252 pcs),20&quot; × 16&quot; (500 pcs)",,,,"26824501791268696319,23567051959324771292,11458610523001955206"
"Jesus Walking on Water Jigsaw Puzzle: Christian Faith Family Game","✨ A puzzle of faith and inspiration — piece by piece. ✨

Bring home a powerful reminder of courage and faith with this stunning Jesus Walking on Water jigsaw puzzle. Featuring dramatic stormy seas and lightning-filled skies, this artwork captures one of the most iconic biblical moments. Whether for quiet reflection or family game night, this puzzle is a meaningful way to combine challenge, relaxation, and faith.

🧩 Available in three sizes:

120 pieces – perfect for kids or shorter puzzle sessions

252 pieces – great for casual puzzlers and families

500 pieces – a rewarding challenge for dedicated puzzle lovers

🎁 Why you’ll love it:

Printed in vibrant, fade-resistant colors

Made with durable chipboard for long-lasting use

Ships in a sturdy box with the artwork on the cover
Makes a perfect Christian gift, Easter gift, or faith-inspired family activity

This collectible puzzle isn’t just entertainment — it’s a statement piece of faith and art, reminding us that even in life’s storms, we’re never alone.

👉 Add to cart today and Armor Up your puzzle night!

Care instructions
- Wipe the dirt or dust off gently with a clean, dry microfiber cloth.",30.95,USD,2997,"Religious_puzzle,Inspirational_gift,Stormy_sea_art,Puzzle_gift_idea,Home_entertainment,Spiritual_art_piece,Challenging_puzzle,Jesus_puzzle,christian_puzzle,Bible_story_puzzle,Family_game_night,Faith_based_puzzle,Religious_gift",,https://i.etsystatic.com/33452318/r/il/5f9958/7204018890/il_fullxfull.7204018890_g9fl.jpg,https://i.etsystatic.com/33452318/r/il/6d9ca1/7204019576/il_fullxfull.7204019576_d3t2.jpg,https://i.etsystatic.com/33452318/r/il/614436/7252004339/il_fullxfull.7252004339_1uxf.jpg,,,,,,,,"Custom Property",Size,"10&quot; × 8&quot; (120 pcs),14&quot; × 11&quot; (252 pcs),20&quot; × 16&quot; (500 pcs)",,,,"14240397248399958949,12743326430797937561,26051089996932317094"
"Misty Mountain Sunrise Canvas | Serene Nature Wall Art | Peaceful Office Decor Gift","Sunrise Over Misty Mountains — a one-of-a-kind piece for anyone who loves quiet mountain and nature landscapes.

This design was created with AI assistance under the seller's creative direction.

• High-quality print, made to order — nothing sits in a warehouse, so every piece is fresh

• Canvas comes in 12x16 or 16x20 — choose your space.

• Ships from a made-to-order print partner, typically within 3-7 business days

• A meaningful, conversation-starting gift or a piece for your own wall

 Questions before you order? Just message the shop, happy to help.


Care instructions
- If the canvas does gather any dust, you may wipe it off gently with a clean, damp cloth.",54.99,USD,1998,"canvas_wall_art,living_room_decor,large_wall_art,modern_home_decor,framed_canvas_print,statement_wall_art,nature_landscape_art,mountain_wall_art,sunset_lover_gift,travel_lover_gift,calming_wall_decor,scenic_nature_puzzle,relaxing_hobby_gift",,https://i.etsystatic.com/33452318/r/il/7b0543/8299806915/il_fullxfull.8299806915_hjf1.jpg,https://i.etsystatic.com/33452318/r/il/5e38c1/8251883888/il_fullxfull.8251883888_iafw.jpg,https://i.etsystatic.com/33452318/r/il/9dc765/8251884980/il_fullxfull.8251884980_aufq.jpg,https://i.etsystatic.com/33452318/r/il/c5a948/8299803081/il_fullxfull.8299803081_agjk.jpg,https://i.etsystatic.com/33452318/r/il/91c541/8251886688/il_fullxfull.8251886688_4712.jpg,https://i.etsystatic.com/33452318/r/il/8aea62/8299805011/il_fullxfull.8299805011_3nna.jpg,https://i.etsystatic.com/33452318/r/il/1bbfbe/8299806033/il_fullxfull.8299806033_2jyb.jpg,https://i.etsystatic.com/33452318/r/il/b2e107/8251891000/il_fullxfull.8251891000_btya.jpg,https://i.etsystatic.com/33452318/r/il/90e68f/8251892540/il_fullxfull.8251892540_tug5.jpg,https://i.etsystatic.com/33452318/r/il/4ede2d/8299810337/il_fullxfull.8299810337_5gsn.jpg,"Custom Property",Sizes,"16″ x 12″ (Horizontal),20″ x 16″ (Horizontal)",,,,"11689852354040925162,78609018764726929223"
"Aurora Frozen Fjord Canvas | Nordic Nature Wall Art | Cozy Cabin Decor Gift","Aurora Over a Frozen Fjord — a one-of-a-kind piece for anyone who loves quiet mountain and nature landscapes.

This design was created with AI assistance under the seller's creative direction.

• High-quality print, made to order — nothing sits in a warehouse, so every piece is  

• Canvas comes in 12x16 or 16x20 — choose your space.

• Ships from a made-to-order print partner, typically within 3-7 business days

• A meaningful, conversation-starting gift or a piece for your own wall

Questions before you order? Just message the shop — happy to help.",59.99,USD,1998,"canvas_wall_art,living_room_decor,large_wall_art,modern_home_decor,framed_canvas_print,statement_wall_art,nature_landscape_art,mountain_wall_art,sunset_lover_gift,travel_lover_gift,calming_wall_decor,scenic_nature_puzzle,relaxing_hobby_gift",,https://i.etsystatic.com/33452318/r/il/077b06/8299289215/il_fullxfull.8299289215_hoqy.jpg,https://i.etsystatic.com/33452318/r/il/f377dc/8251375134/il_fullxfull.8251375134_2qwr.jpg,https://i.etsystatic.com/33452318/r/il/4fb6f2/8251375232/il_fullxfull.8251375232_ku6z.jpg,https://i.etsystatic.com/33452318/r/il/2b4a6b/8299289583/il_fullxfull.8299289583_4v9v.jpg,https://i.etsystatic.com/33452318/r/il/715f09/8251375412/il_fullxfull.8251375412_t0kp.jpg,,,,,,"Custom Property",Size,"30x40 cm / 12x16″,40x50 cm / 16x20″",,,,"b467d259_1,2a2acc61_0"
"Lavender Fields Sunset Canvas | Purple Nature Wall Art | Calming Bedroom Decor Gift","Lavender Fields at Sunset — a one-of-a-kind piece for anyone who loves quiet mountain and nature landscapes.

This design was created with AI assistance under the seller's creative direction.

 • High-quality print, made to order — nothing sits in a warehouse, so every piece is fresh

 • Canvas comes in 12x16 or 16x20 — choose your space.

 • Ships from a made-to-order print partner, typically within 3-7 business days

 • A meaningful, conversation-starting gift or a piece for your own wall

Questions before you order? Just message the shop — happy to help.",59.99,USD,1998,"canvas_wall_art,living_room_decor,large_wall_art,modern_home_decor,framed_canvas_print,statement_wall_art,nature_landscape_art,mountain_wall_art,sunset_lover_gift,travel_lover_gift,calming_wall_decor,scenic_nature_puzzle,relaxing_hobby_gift",,https://i.etsystatic.com/33452318/r/il/e956a7/8299245269/il_fullxfull.8299245269_6aw6.jpg,https://i.etsystatic.com/33452318/r/il/b865fb/8299245475/il_fullxfull.8299245475_g3zk.jpg,https://i.etsystatic.com/33452318/r/il/444c1a/8299245569/il_fullxfull.8299245569_1so8.jpg,https://i.etsystatic.com/33452318/r/il/cf76c8/8251331982/il_fullxfull.8251331982_kdlz.jpg,,,,,,,"Custom Property",Size,"30x40 cm / 12x16″,40x50 cm / 16x20″",,,,"647e6161_1,eaca5ab4_0"
"Moses Red Sea Jigsaw Puzzle: Christian Bible Verse Art for Family","🌊 Witness the miracle of the Red Sea as you piece it together. 🌊

This Moses Red Sea jigsaw puzzle captures the powerful biblical moment from Exodus 14:21 — “The waters were divided.” A dramatic beam of light shines down as Moses raises his staff, standing between towering walls of parted water. This artwork brings scripture to life, making the puzzle both a spiritual keepsake and a challenging activity.

🧩 Available in three sizes:

120 pieces – quick and fun, great for kids or casual puzzlers

252 pieces – a balanced challenge for families and Bible study groups

500 pieces – a rewarding test for puzzle collectors and faith enthusiasts

🎁 Why you’ll love it:

Printed with vivid, fade-resistant colors

Built from durable chipboard for long-lasting quality

Packaged in a sturdy box featuring the artwork

Perfect as a Christian gift, Bible study activity, or centerpiece for family game night

This puzzle is more than just a pastime — it’s a way to connect with faith, reflect on scripture, and share meaningful moments with loved ones.

👉 Add to cart today and Armor Up your puzzle night!

Care instructions
- Wipe the dirt or dust off gently with a clean, dry microfiber cloth.",29.99,USD,2997,"Bible_Puzzle,Christian_Gifts,Family_Activities,Religious_Heritage,Faith_Based,Inspirational_Art,Gift_for_Kids,Puzzle_Lovers,Home_Decor,Spiritual_Journey,Mindfulness_Game,Scripture_Jigsaw,Educational_Toy","Paper,Cardboard",https://i.etsystatic.com/33452318/r/il/e88bf5/7224057784/il_fullxfull.7224057784_sptk.jpg,https://i.etsystatic.com/33452318/r/il/f33a8e/7272024921/il_fullxfull.7272024921_b4si.jpg,https://i.etsystatic.com/33452318/r/il/6267b6/7272025333/il_fullxfull.7272025333_1gpe.jpg,https://i.etsystatic.com/33452318/r/il/aa79e2/7224059106/il_fullxfull.7224059106_3mzm.jpg,https://i.etsystatic.com/33452318/r/il/6e31ea/7272026171/il_fullxfull.7272026171_mab9.jpg,,,,,,"Custom Property",Size,"10&quot; × 8&quot; (120 pcs),14&quot; × 11&quot; (252 pcs),20&quot; × 16&quot; (500 pcs)",,,,"31591802746689969500,12484016684101414695,98125278409202209399"
"Moses Ten Commandments Jigsaw Puzzle: Christian Bible Verse Religious Art","T⚡📜 Hold the tablets of God’s law in your hands — piece by piece. 📜⚡

This Moses Ten Commandments jigsaw puzzle captures the dramatic biblical moment when Moses receives the tablets of stone, glowing with God’s words, as lightning flashes across Mount Sinai. Inspired by Exodus 32:16 — “The tablets were the work of God” — this puzzle is both a powerful keepsake and a meaningful challenge for believers and collectors alike.

🧩 Available in three sizes:

120 pieces – fun and quick, great for kids or casual puzzlers

252 pieces – a balanced challenge for families and faith groups

500 pieces – a rewarding puzzle for collectors and Christian enthusiasts

🎁 Why you’ll love it:

Printed with vivid, fade-resistant colors

Built from durable chipboard for long-lasting use

Packaged in a sturdy box featuring the artwork

Perfect as a Christian gift, Bible study activity, or centerpiece for family game night

This puzzle is more than entertainment — it’s a spiritual reminder and a beautiful way to connect with scripture while spending time with loved ones.

👉 Add to cart today and Armor Up your puzzle night!
Care instructions
- Wipe the dirt or dust off gently with a clean, dry microfiber cloth.",29.99,USD,2997,"Bible_Verse_Puzzle,Religious_Jigsaw,Exodus_Art_Puzzle,Moses_Puzzle_Piece,Faith_Based_Puzzle,Family_Puzzle_Night,Christian_Home_Decor,Gift_for_Christians,Puzzle_for_Adults,Religious_Home_Decor,Unique_Puzzle_Gift,Educational_Puzzle,Bible_Study_Activity","Paper,Cardboard",https://i.etsystatic.com/33452318/r/il/de5c47/7224749540/il_fullxfull.7224749540_gqxo.jpg,https://i.etsystatic.com/33452318/r/il/5551ef/7224747722/il_fullxfull.7224747722_49iv.jpg,https://i.etsystatic.com/33452318/r/il/79bff9/7272713823/il_fullxfull.7272713823_44r2.jpg,https://i.etsystatic.com/33452318/r/il/852626/7272714629/il_fullxfull.7272714629_7nr8.jpg,https://i.etsystatic.com/33452318/r/il/1524d6/7272715651/il_fullxfull.7272715651_qy48.jpg,,,,,,"Custom Property",Size,"10&quot; × 8&quot; (120 pcs),14&quot; × 11&quot; (252 pcs),20&quot; × 16&quot; (500 pcs)",,,,"33871830345046416113,27797717742066975405,11013701627460756254"
"David and Goliath Jigsaw Puzzle: Christian Bible Verse Art, Family Game","⚔️ Face the giant, piece by piece. ⚔️

This David and Goliath jigsaw puzzle captures one of the most iconic biblical moments from 1 Samuel 17:47 — “The battle is the Lord’s.” Young David, sling in hand, stands ready to face the towering warrior Goliath, reminding us of faith, courage, and God’s power to overcome impossible odds. A stunning artwork and meaningful challenge, this puzzle makes a beautiful keepsake for believers and collectors alike.

🧩 Available in three sizes:

120 pieces – fun and quick, great for kids or casual puzzlers

252 pieces – a balanced challenge for families and Bible study groups

500 pieces – a rewarding puzzle for collectors and Christian enthusiasts

🎁 Why you’ll love it:

Printed with vivid, fade-resistant colors

Built from durable chipboard for long-lasting use

Packaged in a sturdy box featuring the artwork

Perfect as a Christian gift, Bible study activity, or centerpiece for family game night

This puzzle is more than just entertainment — it’s a powerful reminder that with faith, even the smallest can overcome the greatest challenges.

👉 Add to cart today and Armor Up your puzzle night!
Care instructions
- Wipe the dirt or dust off gently with a clean, dry microfiber cloth.",29.99,USD,2997,"Bible_Puzzle,Art_Puzzle,Christian_Gift,Inspirational_Puzzle,Faith_Based_Puzzle,Puzzle_For_Adults,Unique_Jigsaw_Puzzle,Gift_For_Him,Gift_For_Her,Home_Decor_Puzzle,Motivational_Puzzle,Educational_Puzzle,Kids_Puzzle","Paper,Cardboard",https://i.etsystatic.com/33452318/r/il/b5b91e/7272741393/il_fullxfull.7272741393_c2gv.jpg,https://i.etsystatic.com/33452318/r/il/b0b1cc/7224776628/il_fullxfull.7224776628_fl96.jpg,https://i.etsystatic.com/33452318/r/il/b81a67/7224777198/il_fullxfull.7224777198_ihxj.jpg,https://i.etsystatic.com/33452318/r/il/8cfde2/7272742891/il_fullxfull.7272742891_r496.jpg,https://i.etsystatic.com/33452318/r/il/f8cc50/7272743295/il_fullxfull.7272743295_ogxj.jpg,,,,,,"Custom Property",Size,"10&quot; × 8&quot; (120 pcs),14&quot; × 11&quot; (252 pcs),20&quot; × 16&quot; (500 pcs)",,,,"25154167141860762376,23795822233838067201,23119441788571852790"
"Sermon on the Mount Jigsaw Puzzle: Christian Bible Verse Art","✝️ Bring the words of Christ to life piece by piece. ✝️

This Sermon on the Mount jigsaw puzzle beautifully depicts Jesus teaching the Beatitudes, sharing the timeless promise from Matthew 5:5 — “Blessed are the meek, for they shall inherit the earth.” Surrounded by His followers in a peaceful hillside setting, this puzzle is both a faith-filled collectible and an inspiring challenge to complete.

🧩 Available in three sizes:

120 pieces – quick and fun, great for kids or casual puzzlers

252 pieces – a balanced challenge for families and Bible study groups

500 pieces – a rewarding puzzle for collectors and Christian enthusiasts

🎁 Why you’ll love it:

Printed in vivid, fade-resistant colors

Made with durable chipboard for lasting quality

Packaged in a sturdy box featuring the artwork

Perfect as a Christian gift, Bible study activity, or centerpiece for family game night

This puzzle is more than entertainment — it’s a way to reflect on scripture, share moments of faith, and connect with loved ones.

👉 Add to cart today and Armor Up your puzzle night!

Care instructions
- Wipe the dirt or dust off gently with a clean, dry microfiber cloth.",29.99,USD,2997,"Religious_Puzzle,Inspirational_Gift,Biblical_Theme,Mindful_Activity,Family_Game_Night,Spiritual_Reflection,Puzzle_Lovers,Faith_Based_Art,Christian_Decor,Peaceful_Scene,Artistic_Home_Decor,Quiet_Time_Activity,Meditative_Puzzle","Paper,Cardboard",https://i.etsystatic.com/33452318/r/il/2a5688/7224807350/il_fullxfull.7224807350_70rg.jpg,https://i.etsystatic.com/33452318/r/il/3faee4/7224808006/il_fullxfull.7224808006_os09.jpg,https://i.etsystatic.com/33452318/r/il/51900b/7272774247/il_fullxfull.7272774247_e87u.jpg,https://i.etsystatic.com/33452318/r/il/12f4d2/7272774917/il_fullxfull.7272774917_3y9v.jpg,https://i.etsystatic.com/33452318/r/il/7a3a56/7272775345/il_fullxfull.7272775345_2p7b.jpg,,,,,,"Custom Property",Size,"10&quot; × 8&quot; (120 pcs),14&quot; × 11&quot; (252 pcs),20&quot; × 16&quot; (500 pcs)",,,,"11813131171003000883,28503919197756259824,31556520711739875232"
"WWII Sherman Tank Jigsaw Puzzle: Military History, Veteran Gift","💥 Step into history with every piece you place. 💥

This WWII Sherman Tank jigsaw puzzle captures a dramatic wartime scene — the iconic tank rolling through a ruined city at dawn, sunlight cutting through the smoke and rubble. A powerful blend of history and artistry, this puzzle makes a meaningful challenge and a standout collectible for veterans, military history buffs, and puzzle lovers.

🧩 Available in three sizes:

120 pieces – quick and fun, great for kids or casual puzzlers

252 pieces – a balanced challenge for families and fans

500 pieces – a rewarding puzzle for collectors and history enthusiasts

🎁 Why you’ll love it:

Printed with vivid, fade-resistant colors

Made with durable chipboard for lasting quality

Packaged in a sturdy box featuring the artwork

Perfect as a veteran gift, military collectible, or centerpiece for family game night

This puzzle is more than entertainment — it’s a tribute to courage, resilience, and the legacy of WWII.

👉 Add to cart today and Armor Up your puzzle night!
Care instructions
- Wipe the dirt or dust off gently with a clean, dry microfiber cloth.",29.99,USD,2997,"puzzle_gift,tank_puzzle,jigsaw_puzzle,home_decor,vintage_tank,adult_puzzle,art_puzzle,hobby_gift,game_night,tank_art,war_decor,collectible_puzzle,Veteran_gift_puzzle","Paper,Cardboard",https://i.etsystatic.com/33452318/r/il/995be7/7224888550/il_fullxfull.7224888550_9kx7.jpg,https://i.etsystatic.com/33452318/r/il/77b850/7272855495/il_fullxfull.7272855495_nc8h.jpg,https://i.etsystatic.com/33452318/r/il/6820c9/7224889648/il_fullxfull.7224889648_a1c0.jpg,https://i.etsystatic.com/33452318/r/il/b81a1d/7272856751/il_fullxfull.7272856751_89hg.jpg,https://i.etsystatic.com/33452318/r/il/55b254/7272857237/il_fullxfull.7272857237_ficj.jpg,,,,,,"Custom Property",Size,"10&quot; × 8&quot; (120 pcs),14&quot; × 11&quot; (252 pcs),20&quot; × 16&quot; (500 pcs)",,,,"30186949873664601286,15581646063601700038,31419300728676027627"
"M1 Abrams Tank Puzzle | Military Armor Art | Veteran & Army Dad Gift","Lock in the thrill of battle with this explosive puzzle! This stunning jigsaw puzzle captures an M1 Abrams tank firing at sunset, dust and fire lighting the desert sky. It’s not just a puzzle — it’s a bold collectible piece of art that makes an unforgettable gift for veterans, history buffs, military families, and puzzle lovers alike.

Crafted with high-quality materials through Printify, each puzzle is durable, vibrant, and built to last through many family game nights. Available in 120, 252, and 500-piece options, it’s perfect for casual puzzlers, seasoned solvers, and those looking for a unique way to honor service and history.

This design fits across a wide range of interests — from faith and resilience to nerd culture, tactical gamers, patriotic collectors, and Christian families who value perseverance and strength. Whether you’re building it solo, gifting it to a veteran, or adding it to your unique art puzzle collection, this piece will stand out as both a challenge and a tribute.

Add to cart today and Armor Up your puzzle night!
Care instructions
- Wipe the dirt or dust off gently with a clean, dry microfiber cloth.",29.99,USD,2994,"500_piece_puzzle,adult_jigsaw_puzzle,jigsaw_puzzle_gift,puzzle_lover_gift,family_game_night,puzzle_wall_art,m1_abrams_tank_gift,military_tank_puzzle,army_veteran_gift,battle_tank_art,patriotic_wall_decor,army_dad_gift,tank_lover_gift","Paper,Cardboard",https://i.etsystatic.com/33452318/r/il/493eb5/7224907148/il_fullxfull.7224907148_k54d.jpg,https://i.etsystatic.com/33452318/r/il/34e2f0/7272873571/il_fullxfull.7272873571_trp6.jpg,https://i.etsystatic.com/33452318/r/il/005f8f/7272874033/il_fullxfull.7272874033_ok98.jpg,https://i.etsystatic.com/33452318/r/il/0a94a0/7272874471/il_fullxfull.7272874471_r33f.jpg,https://i.etsystatic.com/33452318/r/il/42bb82/7272874973/il_fullxfull.7272874973_7uzn.jpg,,,,,,"Custom Property",Size,"10&quot; × 8&quot; (120 pcs),14&quot; × 11&quot; (252 pcs),20&quot; × 16&quot; (500 pcs)",,,,"33031064016003842303,25849597018342450016,60123287003521371662"
"WWII Convoy Jigsaw Puzzle: Vintage Military Art, Collectible Gift","Step back in time with this powerful WWII puzzle! This collectible jigsaw puzzle captures an iconic convoy of American soldiers in jeeps and half-tracks, rolling through the countryside during the Second World War. The sepia-toned artwork evokes the courage, grit, and history of a defining era.

Crafted with Printify’s premium quality, each puzzle delivers sharp print detail, sturdy construction, and smooth interlocking pieces — perfect for display, gifting, or family game night. Available in 120, 252, and 500-piece options, it offers a rewarding challenge for casual puzzlers and serious collectors alike.

This unique art puzzle makes an unforgettable gift for veterans, military families, history enthusiasts, Christian households, and nerd culture collectors who treasure heritage and stories of perseverance. Add it to your collection or give it as a thoughtful present that honors service and legacy.

Add to cart today and Armor Up your puzzle night!
Care instructions
- Wipe the dirt or dust off gently with a clean, dry microfiber cloth.",29.99,USD,2997,"military_puzzle,historical_puzzle,vintage_art,gifts_for_dad,men's_activities,family_bonding,educational_toys,nostalgic_decor,puzzle_enthusiasts,unique_gifts,Army_history,patriotic_puzzle,WWII_jigsaw_puzzle","Paper,Cardboard",https://i.etsystatic.com/33452318/r/il/9b5a1b/7272899203/il_fullxfull.7272899203_k32d.jpg,https://i.etsystatic.com/33452318/r/il/b8905c/7272901523/il_fullxfull.7272901523_1drd.jpg,https://i.etsystatic.com/33452318/r/il/602849/7272903431/il_fullxfull.7272903431_sqhs.jpg,https://i.etsystatic.com/33452318/r/il/ee2432/7224939574/il_fullxfull.7224939574_ps5h.jpg,https://i.etsystatic.com/33452318/r/il/fcbc4b/7224941756/il_fullxfull.7224941756_d7uj.jpg,,,,,,"Custom Property",Size,"10&quot; × 8&quot; (120 pcs),14&quot; × 11&quot; (252 pcs),20&quot; × 16&quot; (500 pcs)",,,,"12669970891255465340,25938441850803864273,24295107478800602488"
"WWII T-34 Tank Jigsaw Puzzle: Historic Military Art Collectible","Relive the grit and courage of WWII on the Eastern Front! This collectible jigsaw puzzle features the legendary T-34 tank pushing forward through snow with Soviet infantry at its side. The chilling winter battlefield and detailed artwork make this puzzle a striking piece of history brought to life.

Made with Printify’s durable, high-quality materials, each puzzle offers vibrant printing, sturdy interlocking pieces, and smooth handling that ensures it can be enjoyed time and again. Available in 120, 252, and 500-piece options, this puzzle delivers both challenge and beauty, making it perfect for collectors and family game nights alike.

An ideal gift for veterans, history enthusiasts, Christian households, nerd culture fans, and puzzle collectors, this unique art puzzle honors resilience, faith, and heritage. Whether framed as wall art or assembled for family fun, it’s a meaningful addition to any collection.

Add to cart today and Armor Up your puzzle night!
Care instructions
- Wipe the dirt or dust off gently with a clean, dry microfiber cloth.",29.99,USD,2996,"War_history_gift,Military_puzzle,Home_decor_puzzle,Puzzle_for_adults,Gift_for_soldiers,Hobby_for_families,Collectible_puzzles,Puzzle_for_kids,Educational_gifts,Unique_gift_idea,Puzzle_night_fun,T34_tank_puzzle,WWII_jigsaw_puzzle","Paper,Cardboard",https://i.etsystatic.com/33452318/r/il/cf83d7/7224951510/il_fullxfull.7224951510_16s9.jpg,https://i.etsystatic.com/33452318/r/il/98a463/7272917415/il_fullxfull.7272917415_p1fb.jpg,https://i.etsystatic.com/33452318/r/il/40bfa3/7224952284/il_fullxfull.7224952284_3gv0.jpg,https://i.etsystatic.com/33452318/r/il/6259da/7224952786/il_fullxfull.7224952786_s72z.jpg,https://i.etsystatic.com/33452318/r/il/ca1ec5/7272918895/il_fullxfull.7272918895_l0np.jpg,,,,,,"Custom Property",Size,"10&quot; × 8&quot; (120 pcs),14&quot; × 11&quot; (252 pcs),20&quot; × 16&quot; (500 pcs)",,,,"86585137893208935732,11549947640017567575,59139928192342943369"
"Snowy Christmas Village Jigsaw Puzzle: Holiday Family Gift","Bring the warmth of Christmas home — one puzzle piece at a time!
This enchanting jigsaw puzzle captures a snow-covered village at dusk, where golden lights glow from cozy homes and a majestic Christmas tree shines at the heart of it all. The peaceful holiday atmosphere makes this puzzle both a relaxing challenge and a heartfelt keepsake.

Printed with rich color and fine detail, this Printify-made puzzle is crafted for lasting quality — every piece fits snugly and feels smooth to the touch. Available in 120, 252, and 500-piece options, it’s perfect for cozy winter nights, festive gatherings, or a thoughtful gift for puzzle lovers and collectors.

This design celebrates the season of faith, family, and wonder — making it a meaningful addition to any Christian home, holiday décor, or family game night. Great for veterans, nerd culture fans, and nostalgic collectors alike, it blends classic charm with timeless joy.

Add to cart today and Armor Up your puzzle night!",30.99,USD,2997,"Christmas_puzzle,snowy_village_puzzle,holiday_art_puzzle,family_game_night,Christian_gift_idea,winter_decor_puzzle,cozy_holiday_scene,faith_home_puzzle,Christmas_art,collectible_gift,Vintage_Gift,Christmas,family_gift","Paper,Cardboard",https://i.etsystatic.com/33452318/r/il/c9527a/7312456921/il_fullxfull.7312456921_tdye.jpg,https://i.etsystatic.com/33452318/r/il/1a9eb4/7264513736/il_fullxfull.7264513736_rxzt.jpg,https://i.etsystatic.com/33452318/r/il/4ce3af/7264514294/il_fullxfull.7264514294_akon.jpg,https://i.etsystatic.com/33452318/r/il/ff4a37/7312458779/il_fullxfull.7312458779_qxpf.jpg,,,,,,,"Custom Property",Size,"10&quot; × 8&quot; (120 pcs),14&quot; × 11&quot; (252 pcs),20&quot; × 16&quot; (500 pcs)",,,,"14360856465553592745,45440122075834707831,28460688133332943101"
"Winter Wonderland Jigsaw Puzzle: Snowy Church Scene, Horse Sleigh","Step into a timeless winter wonderland!
This stunning jigsaw puzzle captures the peaceful beauty of a snowy countryside morning — two horses pulling a sleigh past a red church and warm-lit cottages under a crisp blue sky. Every detail radiates comfort, faith, and nostalgia, making this the perfect keepsake for the holiday season.

Crafted with Printify’s premium quality, this puzzle features vivid color, durable interlocking pieces, and a smooth matte finish built to last for years. Available in 120, 252, and 500-piece options, it’s perfect for cozy winter nights, family gatherings, or a thoughtful Christmas gift.

Celebrate the joy of faith, family, and tradition with this collectible art puzzle — a perfect gift for Christians, veterans, fantasy art lovers, and puzzle enthusiasts alike. Whether you’re decorating your home, creating a new holiday tradition, or simply unwinding by the fire, this puzzle delivers serenity in every piece.

Add to cart today and Armor Up your puzzle night!

Care instructions
- Wipe the dirt or dust off gently with a clean, dry microfiber cloth.",30.95,USD,2997,"Winter_Puzzle,Holiday_Gift,horse_sleigh_puzzle,snowy_church_scene,Christian_art_gift,holiday_decor_puzzle,family_game_night,Christmas_village,nostalgic_winter_art,faith_home_decor,cozy_snow_puzzle,gift_ideas","Paper,Cardboard",https://i.etsystatic.com/33452318/r/il/cfd2ee/7264542110/il_fullxfull.7264542110_tw9x.jpg,https://i.etsystatic.com/33452318/r/il/2d8f04/7264544388/il_fullxfull.7264544388_4875.jpg,https://i.etsystatic.com/33452318/r/il/b0494e/7312489577/il_fullxfull.7312489577_ankf.jpg,https://i.etsystatic.com/33452318/r/il/927451/7264548702/il_fullxfull.7264548702_93ls.jpg,https://i.etsystatic.com/33452318/r/il/ea0944/7264550460/il_fullxfull.7264550460_kq75.jpg,,,,,,"Custom Property",Size,"10&quot; × 8&quot; (120 pcs),14&quot; × 11&quot; (252 pcs),20&quot; × 16&quot; (500 pcs)",,,,"55486459600883052954,10914723766356994265,94671470576581477067"
"Christmas Wreath Lantern Jigsaw Puzzle: Cozy Holiday Art","Feel the peaceful glow of Christmas in every piece!
This heartwarming jigsaw puzzle captures a classic holiday moment — a glowing lantern beside a wreath of pine, snow, and berries on a rustic wooden wall. The soft light and rich textures make this scene feel both vintage and alive, evoking the warmth of faith and family in the cold of winter.

Printed in stunning color and made from durable, high-quality materials, this Printify puzzle offers crisp detail, tight-fitting pieces, and a smooth finish. Available in 120, 252, and 500-piece sizes, it’s perfect for cozy nights by the fire, family gatherings, or a relaxing solo challenge.

A thoughtful gift for Christians, veterans, collectors, and lovers of rustic décor, this puzzle blends tradition and artistry — making it a timeless keepsake or a perfect Christmas present.

Add to cart today and Armor Up your puzzle night!
Care instructions
- Wipe the dirt or dust off gently with a clean, dry microfiber cloth.",30.95,USD,2997,"Holiday_Puzzle,Christmas_Decor,Seasonal_Puzzle,Family_Activity,Puzzle_Fun,Gift_for_Kids,Winter_Leisure,Home_Decor,Cozy_Vibes,Puzzle_Lovers,Indoor_Entertainment,Relaxing_Hobby,Festive_Puzzle","Paper,Cardboard",https://i.etsystatic.com/33452318/r/il/4bd3c5/7264548802/il_fullxfull.7264548802_lv6u.jpg,https://i.etsystatic.com/33452318/r/il/4de532/7264551232/il_fullxfull.7264551232_4ovc.jpg,https://i.etsystatic.com/33452318/r/il/13412e/7312497145/il_fullxfull.7312497145_r2nq.jpg,https://i.etsystatic.com/33452318/r/il/089848/7312498493/il_fullxfull.7312498493_g30e.jpg,https://i.etsystatic.com/33452318/r/il/cd6853/7312499855/il_fullxfull.7312499855_kepm.jpg,,,,,,"Custom Property",Size,"10&quot; × 8&quot; (120 pcs),14&quot; × 11&quot; (252 pcs),20&quot; × 16&quot; (500 pcs)",,,,"15442875180310551874,51252014225962656579,93377276142901270878"
"Christmas Morning Puzzle: Festive Holiday Gifts, Cozy Winter Decor","Capture the magic of Christmas morning — one piece at a time!
This vibrant jigsaw puzzle showcases beautifully wrapped red and green gifts beneath a glowing Christmas tree. The warm colors, soft lights, and classic holiday charm create a joyful scene that celebrates generosity, faith, and the beauty of tradition.

Printed with high-definition color and lasting durability, this Printify puzzle delivers precision-cut pieces that fit perfectly every time. Choose from 120, 252, or 500-piece options to suit any skill level — whether you’re relaxing solo, sharing quality time with family, or gifting a loved one this holiday season.

Ideal for Christmas décor, family game night, or collectors of festive art, this puzzle makes a wonderful keepsake for Christians, veterans, or anyone who cherishes the joy of giving.

Add to cart today and Armor Up your puzzle night!
Care instructions
- Wipe the dirt or dust off gently with a clean, dry microfiber cloth.",30.95,USD,2997,"Holiday_Puzzle,Christmas_Decor,Gift_Ideas,Festive_Activities,Family_Game,Puzzle_Lovers,Seasonal_Gift,Cozy_Nights,Relaxing_Hobby,Puzzle_Time,Creative_Fun,Christmas_Traditions,Christmas_puzzle","Paper,Cardboard",https://i.etsystatic.com/33452318/r/il/e006a8/7264578346/il_fullxfull.7264578346_1h1v.jpg,https://i.etsystatic.com/33452318/r/il/135ab3/7312518029/il_fullxfull.7312518029_108w.jpg,https://i.etsystatic.com/33452318/r/il/743332/7264575194/il_fullxfull.7264575194_vsvg.jpg,https://i.etsystatic.com/33452318/r/il/f6c604/7264576856/il_fullxfull.7264576856_ek2i.jpg,https://i.etsystatic.com/33452318/r/il/2d6f3f/7264579530/il_fullxfull.7264579530_ludi.jpg,https://i.etsystatic.com/33452318/r/il/3745a7/7264580832/il_fullxfull.7264580832_o1mb.jpg,,,,,"Custom Property",Size,"10&quot; × 8&quot; (120 pcs),14&quot; × 11&quot; (252 pcs),20&quot; × 16&quot; (500 pcs)",,,,"31172499891506729954,27669589829656669741,36643517595489087439"
"Snowman Family Jigsaw Puzzle: Cozy Winter Christmas Scene","Bring home the magic of a winter night!
This heartwarming jigsaw puzzle captures the joy of family and faith through a classic Christmas scene — children laughing as they build a snowman under glowing lamplight, while parents look on with warmth and love. The soft snowfall and golden light make this artwork a celebration of togetherness, perfect for cozy nights and cherished traditions.

Made with premium quality materials, this puzzle features vivid color printing, durable interlocking pieces, and a smooth matte finish. Available in 120, 252, and 500-piece options, it’s the ideal challenge for families, collectors, and anyone who treasures Christmas nostalgia.

Whether it’s for family game night, a faith-inspired holiday gift, or simply a piece of seasonal décor that fills your heart with joy, this puzzle will delight all ages.

Add to cart today and Armor Up your puzzle night!

Care instructions
- Wipe the dirt or dust off gently with a clean, dry microfiber cloth.",30.95,USD,2997,"Family_Puzzle,Winter_Fun,Holiday_Gift,Christmas_Puzzle,Festive_Activity,Snowman_Jigsaw,Kids_Puzzle,Cozy_Home,Winter_Wonderland,Seasonal_Decor,Gift_for_Kids,Christmas__puzzle,snowman_family_art","Paper,Cardboard",https://i.etsystatic.com/33452318/r/il/2123e5/7312541959/il_fullxfull.7312541959_z0vy.jpg,https://i.etsystatic.com/33452318/r/il/3a7253/7312543613/il_fullxfull.7312543613_1jex.jpg,https://i.etsystatic.com/33452318/r/il/9dc631/7264601362/il_fullxfull.7264601362_aye7.jpg,https://i.etsystatic.com/33452318/r/il/688916/7312547379/il_fullxfull.7312547379_1fgo.jpg,https://i.etsystatic.com/33452318/r/il/6fd9e3/7264605594/il_fullxfull.7264605594_ix1v.jpg,https://i.etsystatic.com/33452318/r/il/fb928a/7312551947/il_fullxfull.7312551947_35ef.jpg,,,,,"Custom Property",Size,"10&quot; × 8&quot; (120 pcs),14&quot; × 11&quot; (252 pcs),20&quot; × 16&quot; (500 pcs)",,,,"22742548094610138609,27478556814077412833,13441850055511834536"
"Nativity Scene Jigsaw Puzzle: Christmas Faith Art","Celebrate the true meaning of Christmas — piece by piece.
This stunning jigsaw puzzle features a radiant Nativity scene, capturing the moment of Christ’s birth beneath the shining Star of Bethlehem. Mary and Joseph gaze lovingly upon the newborn Savior, their faces aglow with faith and reverence. The Scripture from Luke 2:11 reminds us of the miracle of that holy night: “For unto you is born this day a Saviour.”

Printed with vivid color fidelity and lasting durability, this collectible puzzle is available in 120, 252, and 500-piece options, offering a rewarding challenge for puzzle lovers and believers alike. Each piece fits smoothly, ensuring a premium experience that feels as meaningful as it looks.

Perfect for Christian families, veterans of faith, or anyone seeking spiritual reflection, this puzzle makes a heartfelt Christmas gift and a beautiful seasonal keepsake for your home or church.

Add to cart today and Armor Up your puzzle night!

Care instructions
- Wipe the dirt or dust off gently with a clean, dry microfiber cloth.",30.95,USD,2997,"Religious_Puzzle,Christmas_Gift,Nativity_Scene,Family_Fun,Holiday_Decor,Faith_Based,Mindful_Activity,Spiritual_Gift,Puzzle_Lover,Winter_Activity,Gifts_for_Parents,Christmas_Puzzle,Jesus_birth_scene","Paper,Cardboard",https://i.etsystatic.com/33452318/r/il/5cef32/7267650950/il_fullxfull.7267650950_pokw.jpg,https://i.etsystatic.com/33452318/r/il/40bab9/7267651492/il_fullxfull.7267651492_aeep.jpg,https://i.etsystatic.com/33452318/r/il/40f1d2/7267652618/il_fullxfull.7267652618_dya0.jpg,https://i.etsystatic.com/33452318/r/il/cb4484/7315598987/il_fullxfull.7315598987_b0nb.jpg,https://i.etsystatic.com/33452318/r/il/1d8620/7267653720/il_fullxfull.7267653720_5mz2.jpg,https://i.etsystatic.com/33452318/r/il/540f94/7315599867/il_fullxfull.7315599867_1dxu.jpg,,,,,"Custom Property",Size,"10&quot; × 8&quot; (120 pcs),14&quot; × 11&quot; (252 pcs),20&quot; × 16&quot; (500 pcs)",,,,"25531819735946645081,13838479997142467872,15691417056807592619"
"The Last Supper Jigsaw Puzzle: Christian Art Family Game","Honor faith and remembrance through every piece.
This stunning jigsaw puzzle captures The Last Supper with striking realism and reverence. Jesus sits with His disciples, offering the bread and cup — a moment immortalized by the verse, “Do this in remembrance of me.” (Luke 22:19). The warm tones, candlelight, and devotion in this artwork make it a moving reminder of sacrifice, faith, and love.

Crafted with high-quality printing and precision-cut interlocking pieces, this puzzle delivers a smooth, durable finish that’s perfect for framing or display once complete. Available in 120, 252, and 500-piece options, it’s ideal for both relaxation and reflection.

Whether you’re searching for a Christian art gift, church group activity, or meaningful family keepsake, this collectible puzzle brings Scripture to life — a beautiful way to reconnect with faith and unity.

Add to cart today and Armor Up your puzzle night!
Care instructions
- Wipe the dirt or dust off gently with a clean, dry microfiber cloth.",29.95,USD,2997,"Christian_Puzzle,Religious_Gift,Heirloom_Puzzle,Family_Activity,Inspirational_Art,Spiritual_Decor,Meditation_Tool,Mindfulness_Game,Faith_Based_Art,Educational_Puzzle,Traditional_Puzzle,Holiday_Activity,Gathering_Gift","Paper,Cardboard",https://i.etsystatic.com/33452318/r/il/3f768d/7267707360/il_fullxfull.7267707360_7y6d.jpg,https://i.etsystatic.com/33452318/r/il/b36fdb/7315654003/il_fullxfull.7315654003_sijd.jpg,https://i.etsystatic.com/33452318/r/il/f6347b/7267708450/il_fullxfull.7267708450_a5x1.jpg,https://i.etsystatic.com/33452318/r/il/d56ebe/7315655089/il_fullxfull.7315655089_5mc5.jpg,https://i.etsystatic.com/33452318/r/il/1f7758/7315655531/il_fullxfull.7315655531_1cvk.jpg,https://i.etsystatic.com/33452318/r/il/c7bcc3/7267709702/il_fullxfull.7267709702_ko8d.jpg,,,,,"Custom Property",Size,"10&quot; × 8&quot; (120 pcs),14&quot; × 11&quot; (252 pcs),20&quot; × 16&quot; (500 pcs)",,,,"83533914724636569890,33785556093223180243,21588543396466316614"
"Three Crosses Jigsaw Puzzle: Christian Art Faith Gift","Experience the power of faith, forgiveness, and grace — one piece at a time.
This stunning jigsaw puzzle captures the profound moment of Christ’s crucifixion beneath a darkened sky, illuminated by heavenly light. Centered on the verse “Father, forgive them.” – Luke 23:34, this artwork reminds us of mercy and redemption even in suffering. The scene’s cinematic lighting and timeless composition make it a striking centerpiece for any believer’s home or prayer space.

Crafted with vivid high-resolution printing and durable interlocking pieces, each puzzle brings Scripture to life through artistry and craftsmanship. Available in 120, 252, and 500-piece options, it’s ideal for quiet reflection, family game nights, or gifting to someone who treasures their faith.

Whether you’re building it as a personal devotional or gifting it to a loved one, this Christian art puzzle serves as a daily reminder of love and forgiveness everlasting.

Add to cart today and Armor Up your puzzle night!
Care instructions
- Wipe the dirt or dust off gently with a clean, dry microfiber cloth.",30.95,USD,2997,"Christian_gifts,Inspirational_puzzle,Faith-based_decor,Religious_family_fun,Jigsaw_puzzle,Spiritual_gifts,Devotional_puzzles,Spiritual_engagement,Faith_challenges,Art_for_believers,Jesus_crucifixion,Christian_jigsaw","Paper,Cardboard",https://i.etsystatic.com/33452318/r/il/9854b7/7267788324/il_fullxfull.7267788324_pq94.jpg,https://i.etsystatic.com/33452318/r/il/724eb1/7315735393/il_fullxfull.7315735393_l120.jpg,https://i.etsystatic.com/33452318/r/il/aa6d36/7267789982/il_fullxfull.7267789982_3tbl.jpg,https://i.etsystatic.com/33452318/r/il/d7ef8e/7267790510/il_fullxfull.7267790510_936l.jpg,https://i.etsystatic.com/33452318/r/il/9ce909/7267791118/il_fullxfull.7267791118_c72n.jpg,https://i.etsystatic.com/33452318/r/il/6c5996/7267791604/il_fullxfull.7267791604_ftbo.jpg,,,,,"Custom Property",Size,"10&quot; × 8&quot; (120 pcs),14&quot; × 11&quot; (252 pcs),20&quot; × 16&quot; (500 pcs)",,,,"71205003400970572395,42149683505516353382,31776958591193249204"
"Resurrection Jigsaw Puzzle, He is Risen Christian Art","Celebrate the miracle of resurrection — one piece at a time.
This inspiring jigsaw puzzle features a radiant depiction of the empty tomb on Easter morning. The risen Christ sits bathed in golden light as the verse from Matthew 28:6 declares: “He is not here; he has risen.” Every piece of this puzzle brings you closer to the heart of faith, hope, and redemption.

Printed in vivid, high-resolution color on durable chipboard, this collectible puzzle is designed to last. Each piece fits perfectly, creating a smooth, finished surface worthy of framing. Available in 120, 252, and 500-piece options, it’s ideal for reflective solo time, family game nights, or as a devotional Easter gift.

Perfect for Christian families, faith-based collectors, and veterans of faith, this puzzle serves as both art and testimony — a reminder that light always triumphs over darkness.

Add to cart today and Armor Up your puzzle night!

Care instructions
- Wipe the dirt or dust off gently with a clean, dry microfiber cloth.",30.95,USD,2997,"Christian_gift,Bible_puzzle,Easter_decor,Faith-based_gift,Religious_puzzle,Home_decor,Jesus_artwork,Gift_for_believers,Family_activity,Religious_art,Faith_puzzle,He_is_risen_puzzle,resurrection_art","Paper,Cardboard",https://i.etsystatic.com/33452318/r/il/b1e210/7315757529/il_fullxfull.7315757529_pa11.jpg,https://i.etsystatic.com/33452318/r/il/01b419/7267811286/il_fullxfull.7267811286_2s8a.jpg,https://i.etsystatic.com/33452318/r/il/f7efc0/7267811754/il_fullxfull.7267811754_b8r6.jpg,https://i.etsystatic.com/33452318/r/il/f88b5a/7315758939/il_fullxfull.7315758939_9kob.jpg,https://i.etsystatic.com/33452318/r/il/0e01e8/7267812574/il_fullxfull.7267812574_nrfb.jpg,https://i.etsystatic.com/33452318/r/il/af2f0f/7267813008/il_fullxfull.7267813008_rkgy.jpg,,,,,"Custom Property",Size,"10&quot; × 8&quot; (120 pcs),14&quot; × 11&quot; (252 pcs),20&quot; × 16&quot; (500 pcs)",,,,"13685912969248893088,33910985600771331211,12438856881187511022"
"Ascension of Christ Jigsaw Puzzle: Christian Art Faith Gift","Witness the glory of His Ascension — one piece at a time.
This breathtaking jigsaw puzzle depicts the moment Jesus was taken up before the eyes of His followers, as told in Acts 1:9. Golden light bursts through the clouds as Christ ascends to heaven, His disciples looking on in wonder and faith. It’s a scene of divine power, peace, and promise beautifully captured in vivid, lifelike detail.

Printed with high-definition clarity on durable chipboard and cut with precision interlocking pieces, this collectible puzzle brings art and faith together. Available in 120, 252, and 500-piece sizes, it’s the perfect combination of meditation and creativity — ideal for quiet reflection, family gatherings, or spiritual gifting.

Whether for Easter, church décor, or personal devotion, this Christian jigsaw puzzle makes a meaningful and timeless addition to any collection.

Add to cart today and Armor Up your puzzle night!

Care instructions
- Wipe the dirt or dust off gently with a clean, dry microfiber cloth.",30.95,USD,2997,"Christian_Puzzle,Bible_Verse_Art,Religious_Gift,Spiritual_Home_Decor,Inspirational_Puzzle,Faith_Based_Gift,Acts_of_Faith,Mindfulness_Activity,Puzzle_for_Adults,Gifts_for_Friends,Religious_Wall_Art,Puzzle_with_Meaning,Ascension_of_Jesus","Paper,Cardboard",https://i.etsystatic.com/33452318/r/il/661e61/7315809505/il_fullxfull.7315809505_etl3.jpg,https://i.etsystatic.com/33452318/r/il/da5da7/7315810191/il_fullxfull.7315810191_eul0.jpg,https://i.etsystatic.com/33452318/r/il/bb1134/7267863864/il_fullxfull.7267863864_r45y.jpg,https://i.etsystatic.com/33452318/r/il/c9fdb4/7315811751/il_fullxfull.7315811751_mpeo.jpg,https://i.etsystatic.com/33452318/r/il/7a5343/7315812435/il_fullxfull.7315812435_6brp.jpg,https://i.etsystatic.com/33452318/r/il/0cf6dd/7267865854/il_fullxfull.7267865854_ddmr.jpg,,,,,"Custom Property",Size,"10&quot; × 8&quot; (120 pcs),14&quot; × 11&quot; (252 pcs),20&quot; × 16&quot; (500 pcs)",,,,"13721000928261887423,87019996564503431516,28633124786500212502"
"Autumn Football Jigsaw Puzzle, Thanksgiving Family Nostalgia","Capture the heart of fall — one piece at a time.
This warm and nostalgic jigsaw puzzle brings to life a golden autumn afternoon where kids laugh and play backyard football beneath fiery leaves. The family watches from the porch as the sun glows through the trees, perfectly evoking the comfort, tradition, and laughter of the Thanksgiving season.

Printed with high-quality, vibrant detail on durable chipboard, this collectible puzzle is built to last and display beautifully when complete. Available in 120, 252, and 500-piece options, it’s the perfect blend of challenge and charm, ideal for cozy evenings, family game nights, or seasonal décor.

Celebrate gratitude, childhood memories, and the beauty of fall with this heartwarming scene that feels like a page out of Americana itself. Perfect for collectors, families, and anyone who treasures togetherness and tradition.

Add to cart today and Armor Up your puzzle night!
Care instructions
- Wipe the dirt or dust off gently with a clean, dry microfiber cloth.",29.95,USD,2997,"family_puzzle,fall_activities,autumn_decor,outdoor_fun,children's_toys,cozy_family,gift_for_kids,puzzle_enthusiasts,board_game_night,decor_for_kids,autumn_vibes,kids_football_game,Football_puzzle","Paper,Cardboard",https://i.etsystatic.com/33452318/r/il/071fad/7334030223/il_fullxfull.7334030223_iga6.jpg,https://i.etsystatic.com/33452318/r/il/748e2a/7286085590/il_fullxfull.7286085590_psnx.jpg,https://i.etsystatic.com/33452318/r/il/20be92/7286086284/il_fullxfull.7286086284_9go3.jpg,https://i.etsystatic.com/33452318/r/il/4773e8/7286086674/il_fullxfull.7286086674_eyty.jpg,https://i.etsystatic.com/33452318/r/il/a56074/7286087060/il_fullxfull.7286087060_6rfe.jpg,https://i.etsystatic.com/33452318/r/il/3e574b/7334032775/il_fullxfull.7334032775_lut0.jpg,,,,,"Custom Property",Size,"10&quot; × 8&quot; (120 pcs),14&quot; × 11&quot; (252 pcs),20&quot; × 16&quot; (500 pcs)",,,,"15391681647763561006,14194477071583962174,31269966428020037397"
"Thanksgiving Feast Jigsaw Puzzle: Cozy Holiday Dinner Art","Savor the warmth of Thanksgiving — one piece at a time.
This beautifully detailed jigsaw puzzle captures the heart of the holiday season: a golden roasted turkey surrounded by fresh pies, mashed potatoes, and candlelight. Every piece of this rich autumn tableau evokes gratitude, comfort, and togetherness.

Crafted on durable, high-quality chipboard, this collectible puzzle brings your table to life in stunning color and texture. Available in 120, 252, and 500-piece sizes, it’s perfect for cozy fall evenings, family game nights, or as a charming Thanksgiving decoration.

This design celebrates the joy of sharing food, family, and faith — making it a heartfelt gift for loved ones, collectors, and anyone who treasures the magic of gathering together.

Add to cart today and Armor Up your puzzle night!

Care instructions
- Wipe the dirt or dust off gently with a clean, dry microfiber cloth.",30.95,USD,2997,"family_game_night,holiday_puzzles,thanksgiving_decor,cozy_home_decor,seasonal_activities,mindful_relaxation,adult_puzzles,dinner_gathering,unique_gift_idea,fun_family_activity,tradition_puzzles,Thanksgiving_puzzle,holiday_feast_art","Paper,Cardboard",https://i.etsystatic.com/33452318/r/il/d9b42f/7286126308/il_fullxfull.7286126308_881o.jpg,https://i.etsystatic.com/33452318/r/il/a28262/7286126686/il_fullxfull.7286126686_3w0k.jpg,https://i.etsystatic.com/33452318/r/il/c2c10f/7334072751/il_fullxfull.7334072751_plsj.jpg,https://i.etsystatic.com/33452318/r/il/f4ba90/7286127590/il_fullxfull.7286127590_a7fr.jpg,https://i.etsystatic.com/33452318/r/il/f9f1ab/7334073639/il_fullxfull.7334073639_30i6.jpg,https://i.etsystatic.com/33452318/r/il/10f4e9/7334074017/il_fullxfull.7334074017_kkph.jpg,,,,,"Custom Property",Size,"10&quot; × 8&quot; (120 pcs),14&quot; × 11&quot; (252 pcs),20&quot; × 16&quot; (500 pcs)",,,,"25070461837354053991,26690813974382013888,49464819302163342495"
"Cozy Family Game Night Jigsaw Puzzle, Winter Home Art","Warm hearts and winter nights come together — one piece at a time.
This heartwarming jigsaw puzzle captures the timeless joy of a cozy family evening by the fire. Generations gather to play games, sip cocoa, and share laughter as snow falls gently outside. The glowing fireplace light and soft holiday atmosphere make this puzzle a perfect tribute to faith, family, and connection.

Printed in vibrant, high-definition color on durable chipboard, this collectible puzzle brings warmth and nostalgia to your home. Available in 120, 252, and 500-piece options, it’s ideal for family game night, Christmas gifting, or simply as a cozy winter décor piece.

Celebrate togetherness, gratitude, and the beauty of simple moments — piece by piece.

Add to cart today and Armor Up your puzzle night!
Care instructions
- Wipe the dirt or dust off gently with a clean, dry microfiber cloth.",30.95,USD,2997,"family_game_night,cozy_atmosphere,home_activities,puzzle_gift,holiday_fun,thanksgiving_decor,winter_nights,family_bonding,indoor_entertainment,cozy_home,relaxing_evenings,family_traditions,game_night","Paper,Cardboard",https://i.etsystatic.com/33452318/r/il/7e194d/7286163784/il_fullxfull.7286163784_ohmu.jpg,https://i.etsystatic.com/33452318/r/il/d6dbb1/7334109531/il_fullxfull.7334109531_eres.jpg,https://i.etsystatic.com/33452318/r/il/925f75/7334109901/il_fullxfull.7334109901_91tk.jpg,https://i.etsystatic.com/33452318/r/il/2ea815/7334110209/il_fullxfull.7334110209_jgsj.jpg,https://i.etsystatic.com/33452318/r/il/00dbef/7334110487/il_fullxfull.7334110487_ljos.jpg,https://i.etsystatic.com/33452318/r/il/688177/7286165592/il_fullxfull.7286165592_3gii.jpg,,,,,"Custom Property",Size,"10&quot; × 8&quot; (120 pcs),14&quot; × 11&quot; (252 pcs),20&quot; × 16&quot; (500 pcs)",,,,"26328302580353817443,18913319421127510735,14906853591993069876"
"Santa Claus Jigsaw Puzzle: Christmas Eve Winter Scene","Step into the magic of Christmas Eve — one piece at a time.
This enchanting jigsaw puzzle captures Santa Claus on his quiet, snow-covered journey beneath a starry winter sky. With his sack of gifts slung over his shoulder and a cozy cottage glowing in the distance, this artwork embodies the warmth, wonder, and faith-filled spirit of Christmas.

Printed in vibrant, high-resolution detail on durable chipboard, this collectible puzzle is designed to last for years of joyful use. Available in 120, 252, and 500-piece options, it’s perfect for cozy family game nights, holiday décor, or as a heartfelt Christmas gift.

Celebrate the timeless story of giving and tradition through art that brings people together. Whether you’re a collector, Christian family, or simply love nostalgic winter scenes, this piece makes every moment of the season brighter.

Add to cart today and Armor Up your puzzle night!

Care instructions
- Wipe the dirt or dust off gently with a clean, dry microfiber cloth.",30.95,USD,2997,"Christmas_Puzzle,Holiday_Decor,Santa_Claus_Gift,Family_Game_Night,Winter_Themed_Puzzle,Gift_for_Kids,Cozy_Family_Time,Unique_Holiday_Gift,Collectible_Puzzle,Puzzle_for_Adults,Classic_Santa_Image,Indoor_Activity,Santa_jigsaw_puzzle","Paper,Cardboard",https://i.etsystatic.com/33452318/r/il/18e85a/7334123679/il_fullxfull.7334123679_3ju6.jpg,https://i.etsystatic.com/33452318/r/il/e0aa52/7334124117/il_fullxfull.7334124117_ojzq.jpg,https://i.etsystatic.com/33452318/r/il/2533c9/7286179502/il_fullxfull.7286179502_b3tb.jpg,https://i.etsystatic.com/33452318/r/il/848d0d/7286179990/il_fullxfull.7286179990_7pe9.jpg,https://i.etsystatic.com/33452318/r/il/df6681/7286180402/il_fullxfull.7286180402_b6yn.jpg,https://i.etsystatic.com/33452318/r/il/16a594/7334126019/il_fullxfull.7334126019_14um.jpg,,,,,"Custom Property",Size,"10&quot; × 8&quot; (120 pcs),14&quot; × 11&quot; (252 pcs),20&quot; × 16&quot; (500 pcs)",,,,"22270934628071388941,32243770277033440178,28849020054856799522"
"Battlefield Cross Jigsaw Puzzle: Military Memorial Art","Honor the fallen. Remember the brave.
This powerful jigsaw puzzle captures a symbolic battlefield cross — helmet, rifle, and boots — illuminated by a golden sunrise over a quiet field. It’s a timeless image of remembrance and gratitude, honoring those who gave everything for freedom.

Printed on premium, durable chipboard with crisp, high-definition detail, this collectible puzzle brings deep emotion and artistry to every piece. Available in 120, 252, and 500-piece options, it’s a meaningful gift for veterans, military families, and patriots alike.

A perfect blend of beauty and symbolism, this puzzle is ideal for reflection, family game night, or framed display as a statement of respect and faith.

Add to cart today and Armor Up your puzzle night!
Care instructions
- Wipe the dirt or dust off gently with a clean, dry microfiber cloth.",29.95,USD,2997,"memorial_puzzle,veteran_puzzle,military_puzzle,remembrance_gift,patriotic_puzzle,soldier_silhouette,adult_jigsaw,grief_support,military_keepsake,tribute_puzzle,commemorative_art,memorial_gift,battlefield_cross","Paper,Cardboard",https://i.etsystatic.com/33452318/r/il/d4f6c7/7433620664/il_fullxfull.7433620664_tm2e.jpg,https://i.etsystatic.com/33452318/r/il/f29ca3/7481541661/il_fullxfull.7481541661_emv2.jpg,https://i.etsystatic.com/33452318/r/il/5bf3ce/7433623708/il_fullxfull.7433623708_85yy.jpg,https://i.etsystatic.com/33452318/r/il/f2010c/7433624908/il_fullxfull.7433624908_bq0f.jpg,https://i.etsystatic.com/33452318/r/il/a006e8/7433626544/il_fullxfull.7433626544_2vq2.jpg,https://i.etsystatic.com/33452318/r/il/aa984f/7433627282/il_fullxfull.7433627282_g6je.jpg,,,,,"Custom Property",Size,"10&quot; × 8&quot; (120 pcs),14&quot; × 11&quot; (252 pcs),20&quot; × 16&quot; (500 pcs)",,,,"13165841105364608403,12221960737477303809,31072719673232808160"
"Soldiers at Sunset Puzzle | Memorial Tribute Art | Veteran Gift","Soldiers at Sunset, a one-of-a-kind piece for anyone who loves military history and service.

This design was created with AI assistance under the seller's creative direction.

High-quality print, made to order — nothing sits in a warehouse, so every piece is fresh

The puzzle comes in 120, 252, or 500-piece options — pick your challenge level.

Ships from a made-to-order print partner, typically within 3-7 business days.

A meaningful, conversation-starting gift or a piece for your own wall.


Questions before you order? Just message the shop, happy to help.


Care instructions
- Wipe the dirt or dust off gently with a clean, dry microfiber cloth.",31.95,USD,2997,"500_piece_puzzle,adult_jigsaw_puzzle,jigsaw_puzzle_gift,puzzle_lover_gift,family_game_night,puzzle_wall_art,veteran_tribute_gift,military_art_puzzle,patriotic_wall_decor,army_dad_gift,memorial_day_gift,fallen_soldier_gift,soldiersilhouetteart","Paper,Cardboard",https://i.etsystatic.com/33452318/r/il/6f9df0/7481603625/il_fullxfull.7481603625_iq32.jpg,https://i.etsystatic.com/33452318/r/il/0432c1/7433688286/il_fullxfull.7433688286_7x3v.jpg,https://i.etsystatic.com/33452318/r/il/480249/7481608431/il_fullxfull.7481608431_lrs9.jpg,https://i.etsystatic.com/33452318/r/il/662eb4/7433692288/il_fullxfull.7433692288_8jpz.jpg,https://i.etsystatic.com/33452318/r/il/b5a619/7433693456/il_fullxfull.7433693456_i5zr.jpg,https://i.etsystatic.com/33452318/r/il/58eabc/7433695598/il_fullxfull.7433695598_mosm.jpg,,,,,"Custom Property",Size,"10&quot; × 8&quot; (120 pcs),14&quot; × 11&quot; (252 pcs),20&quot; × 16&quot; (500 pcs)",,,,"14673665022822471616,13192200034407331807,33866522918450978128"
"Apache Helicopter Puzzle | Military Aviation Art | Veteran & Pilot Gift","Apache Helicopter in Flight — a one-of-a-kind piece for anyone who loves military history and service.

This design was created with AI assistance under the seller's creative direction.

High-quality print, made to order — nothing sits in a warehouse, so every piece is fresh.

The puzzle comes in 120, 252, or 500-piece options — pick your challenge level.

Ships from a made-to-order print partner, typically within 3-7 business days.

A meaningful, conversation-starting gift or a piece for your own wall.


Questions before you order? Just message the shop — happy to help.

Care instructions
- Wipe the dirt or dust off gently with a clean, dry microfiber cloth.",31.95,USD,2997,"500_piece_puzzle,adult_jigsaw_puzzle,jigsaw_puzzle_gift,puzzle_lover_gift,family_game_night,puzzle_wall_art,veteran_tribute_gift,military_art_puzzle,fighter_jet_puzzle,helicopter_art_gift,patriotic_wall_decor,army_dad_gift,aviation_lover_gift","Paper,Cardboard",https://i.etsystatic.com/33452318/r/il/29e37d/7481634491/il_fullxfull.7481634491_fnpp.jpg,https://i.etsystatic.com/33452318/r/il/d2bf1a/7433716682/il_fullxfull.7433716682_79wp.jpg,https://i.etsystatic.com/33452318/r/il/bf27d3/7433717242/il_fullxfull.7433717242_so0i.jpg,https://i.etsystatic.com/33452318/r/il/9ab476/7481636083/il_fullxfull.7481636083_1tj1.jpg,https://i.etsystatic.com/33452318/r/il/fc2c7f/7433718718/il_fullxfull.7433718718_9rnl.jpg,https://i.etsystatic.com/33452318/r/il/9cf27c/7481637651/il_fullxfull.7481637651_1x0w.jpg,,,,,"Custom Property",Size,"10&quot; × 8&quot; (120 pcs),14&quot; × 11&quot; (252 pcs),20&quot; × 16&quot; (500 pcs)",,,,"63183502382349202054,30290012648802401362,20416160839875226217"
"Cozy Cabin Christmas Jigsaw Puzzle: Aurora Lights Winter Holiday","Step into a magical winter night!
This stunning Christmas jigsaw puzzle features a glowing log cabin, a snow-dusted Christmas tree, and the Northern Lights shimmering above a peaceful mountain valley. It’s the perfect blend of cozy holiday warmth and breathtaking fantasy scenery.

Crafted with high-quality Printify materials, this collectible puzzle is built for durability, rich color, and long-lasting enjoyment. Whether you’re a puzzle fan, a lover of Christmas décor, or shopping for a unique holiday gift, this artwork delivers a relaxing and rewarding challenge.

Available in 120 piece, 252 piece, and 500 piece options — ideal for family game night, Christmas Eve traditions, cabin lovers, fantasy art fans, Christians, veterans, and anyone who enjoys meaningful seasonal art. The soft glow of the cabin windows and the sparkling lights on the tree make this a beautiful keepsake long after the holidays.

This puzzle makes a heartwarming gift for moms, dads, grandparents, teens, puzzle collectors, or anyone who loves snowy winter vibes and unique art puzzles.

Add to cart today and Armor Up your puzzle night!
Care instructions
- Wipe the dirt or dust off gently with a clean, dry microfiber cloth.",31.95,USD,2997,"winter_puzzle,cozy_cabin,aurora_puzzle,christmas_puzzle,holiday_gift,night_sky_art,snowy_cabin,family_puzzle,christmas_decor,relaxing_hobby,puzzle_for_adults,winter_landscape,peaceful_scene","Paper,Cardboard",https://i.etsystatic.com/33452318/r/il/0137e1/7438741062/il_fullxfull.7438741062_r6qy.jpg,https://i.etsystatic.com/33452318/r/il/c201f7/7486662129/il_fullxfull.7486662129_asvz.jpg,https://i.etsystatic.com/33452318/r/il/c9da69/7486664209/il_fullxfull.7486664209_tcri.jpg,https://i.etsystatic.com/33452318/r/il/ff2b42/7438747882/il_fullxfull.7438747882_pw19.jpg,https://i.etsystatic.com/33452318/r/il/7d95f4/7438751480/il_fullxfull.7438751480_7sk0.jpg,https://i.etsystatic.com/33452318/r/il/747865/7486674063/il_fullxfull.7486674063_bbqf.jpg,,,,,"Custom Property",Size,"10&quot; × 8&quot; (120 pcs),14&quot; × 11&quot; (252 pcs),20&quot; × 16&quot; (500 pcs)",,,,"78981866329182233499,27281560316455735365,12225809264250520068"
"Winter Village Jigsaw Puzzle: Festive Christmas Eve Skating Scene","Step into the magic of Christmas Eve with this breathtaking winter village jigsaw puzzle!
This artwork captures a glowing town square wrapped in snow, warm lights, a towering Christmas tree, skating children, and joyful carolers. It feels like stepping straight into a nostalgic holiday storybook — the perfect collectible for puzzle lovers and anyone who wants to bring the spirit of Christmas home.

Printed on a durable, high-quality board with rich color depth, this puzzle is designed for long-term enjoyment. Choose from 120 piece, 252 piece, or 500 piece options to fit every age and skill level. Whether you love faith-inspired cozy scenes, fantasy worlds, veteran themes, nerd culture collectibles, or classic family traditions, this winter puzzle makes a heartfelt gift and a beautiful addition to family game night.

Perfect for Christmas gifts, stocking stuffers, décor, or your own seasonal puzzle tradition.

Add to cart today and Armor Up your puzzle night!

Care instructions
- Wipe the dirt or dust off gently with a clean, dry microfiber cloth.",31.95,USD,2997,"holiday_puzzle,Christmas_puzzle,winter_scene,festive_puzzle,family_puzzle,evening_lights,vintage_holiday,ice_skating,town_square,cozy_decor,gift_for_mom,christmas_gift,stocking_stuffer","Paper,Cardboard",https://i.etsystatic.com/33452318/r/il/151eaf/7438756626/il_fullxfull.7438756626_j8o6.jpg,https://i.etsystatic.com/33452318/r/il/b20653/7486679331/il_fullxfull.7486679331_jrqr.jpg,https://i.etsystatic.com/33452318/r/il/6ebf07/7438763208/il_fullxfull.7438763208_mbbm.jpg,https://i.etsystatic.com/33452318/r/il/8335d9/7486684131/il_fullxfull.7486684131_4ynd.jpg,https://i.etsystatic.com/33452318/r/il/5163ee/7438767878/il_fullxfull.7438767878_scxx.jpg,https://i.etsystatic.com/33452318/r/il/71fd1c/7438771290/il_fullxfull.7438771290_aqcf.jpg,,,,,"Custom Property",Size,"10&quot; × 8&quot; (120 pcs),14&quot; × 11&quot; (252 pcs),20&quot; × 16&quot; (500 pcs)",,,,"24203157076542567523,32524192876677030622,85656816118729938230"
"Enchanting Winter Forest Trail Jigsaw Puzzle with Lights","Step into a glowing winter wonderland!
This enchanting jigsaw puzzle brings to life a magical snow-covered forest lined with lanterns, sparkling lights, and a dreamy blue twilight atmosphere. It feels like stepping straight into a Christmas fairy tale — perfect for collectors, puzzle lovers, and anyone who enjoys cozy winter art.

The artwork makes this puzzle a beautiful holiday display piece and a thoughtful gift for families, veterans, fantasy lovers, Christian households, or anyone who loves peaceful winter scenes. Whether it's for Christmas morning, family game night, or building your seasonal décor, this puzzle delivers both challenge and charm.

Printed on high-quality chipboard with vibrant colors and a smooth finish, this puzzle is built to last. Available in 120 piece, 252 piece, and 500 piece sizes through Printify’s trusted production partners.

If you love unique art puzzles, cozy winter vibes, or magical forest artwork, this one deserves a place in your collection.

Add to cart today and Armor Up your puzzle night!
Care instructions
- Wipe the dirt or dust off gently with a clean, dry microfiber cloth.",31.95,USD,2997,"winter_puzzle,snowy_forest,holiday_puzzle,christmas_puzzle,evening_lights,cozy_puzzle,winter_decor,family_puzzle,puzzle_gift,relaxing_puzzle,snowy_path,lamp_post_art,blue_winter","Paper,Cardboard",https://i.etsystatic.com/33452318/r/il/81929b/7438779398/il_fullxfull.7438779398_9rsk.jpg,https://i.etsystatic.com/33452318/r/il/4d49a4/7486699619/il_fullxfull.7486699619_3a7w.jpg,https://i.etsystatic.com/33452318/r/il/b24238/7486701255/il_fullxfull.7486701255_stph.jpg,https://i.etsystatic.com/33452318/r/il/5bb3c9/7438784398/il_fullxfull.7438784398_e4al.jpg,https://i.etsystatic.com/33452318/r/il/246692/7486704743/il_fullxfull.7486704743_pz6g.jpg,https://i.etsystatic.com/33452318/r/il/0034ec/7438787480/il_fullxfull.7438787480_qluy.jpg,,,,,"Custom Property",Size,"10&quot; × 8&quot; (120 pcs),14&quot; × 11&quot; (252 pcs),20&quot; × 16&quot; (500 pcs)",,,,"33472517798888012470,22590791744316896416,24953611996799061327"
"Christmas Feast Jigsaw Puzzle, Festive Holiday Dinner","Bring the warmth of Christmas dinner straight to your puzzle table!
This stunning holiday jigsaw puzzle captures the magic of a perfectly set Christmas feast — golden roasted turkey, glowing candles, fresh holly, twinkling tree lights, and the cozy joy of gathering together. It’s a breathtaking collectible artwork that makes every piece you place feel like you’re stepping deeper into Christmas memories.

Printed with crisp, high-detail color on durable chipboard, this puzzle is made to last. Whether you love family game nights, seasonal décor, or unique art puzzles, this design is the perfect blend of festive charm and relaxing challenge.

Available in 120-piece, 252-piece, and 500-piece options using Printify’s high-quality Generic Brand puzzles. Perfect as a Christmas gift for puzzle lovers, families, veterans, faith-based households, holiday enthusiasts, and anyone who loves the magic of winter traditions.

Give yourself or someone you love a cozy, nostalgic project that sparks conversation and creates memories.

Add to cart today and Armor Up your puzzle night!

Care instructions
- Wipe the dirt or dust off gently with a clean, dry microfiber cloth.",31.95,USD,2997,"holiday_puzzle,christmas_puzzle,turkey_puzzle,festive_puzzle,family_puzzle,tabletop_puzzle,dinner_puzzle,thanksgiving_gift,cozy_puzzle,seasonal_puzzle,holiday_activity,christmas_decor,gifts_for_family","Paper,Cardboard",https://i.etsystatic.com/33452318/r/il/a64552/7486705985/il_fullxfull.7486705985_todr.jpg,https://i.etsystatic.com/33452318/r/il/4b4e32/7438789714/il_fullxfull.7438789714_4f72.jpg,https://i.etsystatic.com/33452318/r/il/56833f/7486709375/il_fullxfull.7486709375_g43k.jpg,https://i.etsystatic.com/33452318/r/il/bec0ad/7438793170/il_fullxfull.7438793170_76vu.jpg,https://i.etsystatic.com/33452318/r/il/212dea/7438795048/il_fullxfull.7438795048_fifx.jpg,https://i.etsystatic.com/33452318/r/il/7ad9f1/7438797800/il_fullxfull.7438797800_mts3.jpg,,,,,"Custom Property",Size,"10&quot; × 8&quot; (120 pcs),14&quot; × 11&quot; (252 pcs),20&quot; × 16&quot; (500 pcs)",,,,"11916576340304302426,21764077671330007756,23830183394205661434"
"Nativity Jigsaw Puzzle: Holy Family Manger Scene, Christmas Art","Step into the wonder of the first Christmas night with this stunning Nativity jigsaw puzzle—crafted for collectors, believers, and families who love meaningful art.

This beautifully detailed scene features Mary, Joseph, the baby Jesus, and the awe-struck shepherds illuminated by warm lantern light beneath the Star of Bethlehem. The artwork is serene, reverent, and perfect for anyone who treasures faith-based imagery or classic Christmas traditions.

Printed on a premium, durable backing through Printify’s trusted production, this puzzle offers vivid colors, sharp detail, and a smooth finish that feels amazing to assemble. Whether you choose the 120-piece, 252-piece, or 500-piece version, each size provides a satisfying challenge and a frame-worthy final display.

A wonderful collectible for Christian families, pastors, Sunday school teachers, veterans, puzzle lovers, and anyone who cherishes the Christmas story. Ideal for family game night, holiday gatherings, seasonal décor, or gifting as a unique art puzzle your loved ones will never forget.

Add to cart today and Armor Up your puzzle night!
Care instructions
- Wipe the dirt or dust off gently with a clean, dry microfiber cloth.",31.95,USD,2997,"Nativity_puzzle,Christmas_puzzle,Religious_puzzle,Holy_family_art,Christian_gift,Jesus_birth_art,Mary_Joseph_baby,Nativity_decor,Holiday_family_fun,Faith_based_gift,Christmas_activity,Spiritual_keepsake,Religious_home_decor","Paper,Cardboard",https://i.etsystatic.com/33452318/r/il/87ace9/7486715617/il_fullxfull.7486715617_fv6x.jpg,https://i.etsystatic.com/33452318/r/il/5b133d/7438799646/il_fullxfull.7438799646_ox5p.jpg,https://i.etsystatic.com/33452318/r/il/66205e/7486722097/il_fullxfull.7486722097_cg5c.jpg,https://i.etsystatic.com/33452318/r/il/5e9300/7438805494/il_fullxfull.7438805494_1w2j.jpg,https://i.etsystatic.com/33452318/r/il/891624/7486727105/il_fullxfull.7486727105_42nd.jpg,https://i.etsystatic.com/33452318/r/il/38a10e/7438809730/il_fullxfull.7438809730_qut1.jpg,,,,,"Custom Property",Size,"10&quot; × 8&quot; (120 pcs),14&quot; × 11&quot; (252 pcs),20&quot; × 16&quot; (500 pcs)",,,,"15043715659460033954,22324211739475367424,19082182860103054371"
"Santa Praying at Manger Puzzle | Christmas Nativity 120-500 Piece","Gather around a warm lamp and slowly piece together a quiet, tender moment: an elderly figure in a crimson coat kneels in reverent awe beside a newborn in a straw-filled manger. The artful glow and soft shadows invite a gentle, reflective pace—each fitted piece reveals more of the scene’s hush and warmth. This puzzle transforms an evening into a calm ritual: unhurried focus, the comfort of tactile pieces, and the slow satisfaction of restoring light and form. It’s for people who like meaningful downtime, solemn holiday evenings, or cozy nights with a mug and soft music. The glossy finish deepens the painterly highlights and makes the final image feel like a framed keepsake when you finish and display it on the included box illustration.

Product features
- Choose from 120, 252, or 500 high-quality chipboard pieces to match your preferred challenge level.
- Vibrant, crisp colors produced by advanced printing techniques with a glossy finish.
- Comes in a gift-ready paper box with the finished picture shown on the top for easy gifting or storage.
- Made from 100% chipboard pieces and 100% paper packaging; durable and presentation-ready.
- Recommended for ages 9 and up; available in three sizes to suit different table spaces and group sizes.

Care instructions
- Wipe the dirt or dust off gently with a clean, dry microfiber cloth.",32.95,USD,2997,"christmas_puzzle,santa_puzzle,nativity_puzzle,holiday_puzzle,family_activity,quiet_evening,cozy_puzzle,religious_gift,adult_puzzle,christmas_decor,winter_pastime,holiday_gift,holiday_jigsaw","Paper,Cardboard",https://i.etsystatic.com/33452318/r/il/68ec9e/7486748961/il_fullxfull.7486748961_4s2g.jpg,https://i.etsystatic.com/33452318/r/il/59ea96/7486750547/il_fullxfull.7486750547_5b5q.jpg,https://i.etsystatic.com/33452318/r/il/564e24/7438832470/il_fullxfull.7438832470_pfsy.jpg,https://i.etsystatic.com/33452318/r/il/8ae9d1/7486751909/il_fullxfull.7486751909_2p2a.jpg,https://i.etsystatic.com/33452318/r/il/d3500e/7438834304/il_fullxfull.7438834304_43kh.jpg,https://i.etsystatic.com/33452318/r/il/5fe29f/7486754715/il_fullxfull.7486754715_kkid.jpg,,,,,"Custom Property",Size,"10&quot; × 8&quot; (120 pcs),14&quot; × 11&quot; (252 pcs),20&quot; × 16&quot; (500 pcs)",,,,"65335389190060021762,29162905411034624374,11122853036783561061"
"Coast Guard Rescue Jigsaw Puzzle: Dramatic Sea Storm Helicopter Art","Experience the intensity and heroism of a real Coast Guard rescue — now captured as a stunning collectible jigsaw puzzle.
This powerful artwork features a rescue swimmer descending from a US Coast Guard helicopter into raging storm waves, reaching a life raft of survivors below. The dramatic lighting, cinematic ocean detail, and bold orange rescue gear create an unforgettable scene that puzzle lovers, veterans, first responders, and nautical art fans will treasure.

Printed on a durable, high-quality puzzle base, each piece locks together with crisp precision. The artwork is reproduced with vibrant color, sharp detail, and a smooth finish built for years of family game nights and display. Available in 120, 252, and 500-piece sizes, this puzzle is perfect for beginners, hobbyists, or serious collectors.

Whether you’re honoring a service member, celebrating American heroism, or just looking for a unique art puzzle that stands apart from the rest, this design brings courage, faith, and cinematic storytelling straight to your table. Great for Christmas gifts, veteran families, challenge-loving puzzle fans, and anyone inspired by rescue missions and the sea.

Add to cart today and Armor Up your puzzle night!
Care instructions
- Wipe the dirt or dust off gently with a clean, dry microfiber cloth.",31.95,USD,2997,"rescue_puzzle,coast_guard_art,sea_rescue,ocean_puzzle,helicopter_puzzle,stormy_sea,maritime_gift,search_rescue,adventure_puzzle,boat_and_chopper,gift_for_him,puzzle_for_adults,emergency_crew","Paper,Cardboard",https://i.etsystatic.com/33452318/r/il/8a3e90/7468458074/il_fullxfull.7468458074_bxmi.jpg,https://i.etsystatic.com/33452318/r/il/ab1666/7516390851/il_fullxfull.7516390851_tmxb.jpg,https://i.etsystatic.com/33452318/r/il/b902e5/7516391725/il_fullxfull.7516391725_i5ib.jpg,https://i.etsystatic.com/33452318/r/il/6846b5/7516392819/il_fullxfull.7516392819_b5ck.jpg,https://i.etsystatic.com/33452318/r/il/e8aeea/7516393569/il_fullxfull.7516393569_5cjt.jpg,https://i.etsystatic.com/33452318/r/il/5ebbf4/7516394443/il_fullxfull.7516394443_n7k6.jpg,,,,,"Custom Property",Size,"10&quot; × 8&quot; (120 pcs),14&quot; × 11&quot; (252 pcs),20&quot; × 16&quot; (500 pcs)",,,,"24970160887558468372,27443525877754611036,20691558754504179666"
"F-35 Lightning Bolt Jigsaw Puzzle: Aviation Art, Sunset Sky","Feel the power of modern air superiority every time you snap a piece into place.
This striking jigsaw puzzle features an F-35 Lightning Bolt slicing across a blazing sunset sky, captured in cinematic detail. The dramatic lighting, bold colors, and clean aircraft lines create a powerful scene that aviation fans, veterans, Air Force families, and collectors will instantly fall in love with.

Printed on high-quality puzzle board with sharp, vibrant detail, this collectible design is made to last through years of family game nights, holiday traditions, and display-worthy builds. Available in 120, 252, and 500-piece sizes, it’s perfect for beginners, puzzle hobbyists, and serious jet enthusiasts alike.

Whether you’re celebrating military pride, honoring a veteran, or giving a unique art puzzle to someone who loves aircraft, patriotism, or nerd-culture collectibles, this piece stands out with unmatched style. Ideal for birthdays, Christmas, or as a meaningful gift for any aviation lover.

Add to cart today and Armor Up your puzzle night!
Care instructions
- Wipe the dirt or dust off gently with a clean, dry microfiber cloth.",31.95,USD,2995,"fighter_jet,aircraft_puzzle,sunset_puzzle,aviation_gift,pilot_gift,plane_decor,adult_puzzle,sunset_sky,military_jet,aeroplane_art,flight_lover,plane_enthusiast,F35","Paper,Cardboard",https://i.etsystatic.com/33452318/r/il/fae36a/7516407991/il_fullxfull.7516407991_sgn3.jpg,https://i.etsystatic.com/33452318/r/il/10ad11/7516411919/il_fullxfull.7516411919_jjgi.jpg,https://i.etsystatic.com/33452318/r/il/e7b9aa/7516413583/il_fullxfull.7516413583_5o2q.jpg,https://i.etsystatic.com/33452318/r/il/60b3a6/7516414843/il_fullxfull.7516414843_ifcm.jpg,https://i.etsystatic.com/33452318/r/il/7419db/7468484716/il_fullxfull.7468484716_6zw3.jpg,https://i.etsystatic.com/33452318/r/il/b01c31/7468485632/il_fullxfull.7468485632_d2ji.jpg,,,,,"Custom Property",Size,"10&quot; × 8&quot; (120 pcs),14&quot; × 11&quot; (252 pcs),20&quot; × 16&quot; (500 pcs)",,,,"18892954373230402044,18044787807790836227,16752548947483798907"
"D-Day Beach Landing Jigsaw Puzzle - WWII Military History Art","Step into one of the most defining moments in history piece by piece.
This powerful jigsaw puzzle captures the intensity and bravery of the D-Day beach landing, rendered in cinematic detail that brings WWII history to life. Waves crash, smoke rises, and soldiers push forward in a scene filled with emotion, grit, and sacrifice—making this an unforgettable puzzle for collectors and history lovers.

Printed on durable, high-quality puzzle board, every piece holds sharp detail and rich tones, ensuring your finished puzzle has the same dramatic impact as the original artwork. Available in 120, 252, and 500-piece options, this puzzle is ideal for casual puzzlers, military enthusiasts, veteran families, and anyone who appreciates meaningful, realistic artwork.

Perfect for family game night, holiday gifting, patriotic displays, or as a respectful tribute to the heroes of WWII. Whether you love military history, Christian faith symbolism, fantasy realism, nerd culture collectibles, or simply unique art puzzles, this piece delivers a deeply moving experience.

Add to cart today and Armor Up your puzzle night!

Care instructions
- Wipe the dirt or dust off gently with a clean, dry microfiber cloth.",31.95,USD,2997,"war_puzzle,historical_puzzle,beach_landing,military_puzzle,battle_scene,D-Day_puzzle,wartime_art,soldier_puzzle,history_gift,men_at_war,patriotic_gift,army_memorabilia,history_buff","Paper,Cardboard",https://i.etsystatic.com/33452318/r/il/b2834d/7516422787/il_fullxfull.7516422787_9i5s.jpg,https://i.etsystatic.com/33452318/r/il/ee6c27/7468491914/il_fullxfull.7468491914_r2ki.jpg,https://i.etsystatic.com/33452318/r/il/2e2a0f/7468493026/il_fullxfull.7468493026_sfxx.jpg,https://i.etsystatic.com/33452318/r/il/a1f23d/7516425461/il_fullxfull.7516425461_bs7n.jpg,https://i.etsystatic.com/33452318/r/il/e680cb/7468494740/il_fullxfull.7468494740_9n3i.jpg,https://i.etsystatic.com/33452318/r/il/acd0f7/7516426675/il_fullxfull.7516426675_pqxi.jpg,,,,,"Custom Property",Size,"10&quot; × 8&quot; (120 pcs),14&quot; × 11&quot; (252 pcs),20&quot; × 16&quot; (500 pcs)",,,,"15437900587039441657,20116145765785118791,23947961794346780865"
"Christmas Gifts Jigsaw Puzzle, Cozy Holiday Tree Scene","Unwrap the magic of Christmas one piece at a time!
This beautifully crafted jigsaw puzzle captures the warmth and wonder of the holiday season with a charming scene of wrapped presents under a glowing Christmas tree. The soft lights, festive ribbons, and cozy atmosphere make this artwork feel like a moment frozen in time — perfect for collectors, Christmas lovers, and anyone who enjoys meaningful seasonal art.

Printed on durable, high-quality puzzle board, each piece locks in with a satisfying fit and displays crisp, vibrant detail. Available in 120, 252, and 500-piece options, this puzzle brings joy to beginners and seasoned puzzlers alike. It’s a fantastic choice for family game night, winter traditions, Christian holiday décor, veteran families, nerd culture collectors, and anyone looking for a unique art puzzle that celebrates the spirit of Christmas.

Give it as a heartfelt gift or enjoy it yourself as a relaxing seasonal activity.

Add to cart today and Armor Up your puzzle night!
Care instructions
- Wipe the dirt or dust off gently with a clean, dry microfiber cloth.",31.95,USD,2997,"holiday_puzzle,christmas_puzzle,gift_puzzle,puzzle_500pc,puzzle_252pc,cozy_puzzle,family_puzzle,festive_puzzle,puzzle_present,christmas_gifts,stocking_stuffer,puzzle_night,holiday_decor_art","Paper,Cardboard",https://i.etsystatic.com/33452318/r/il/4b3cc6/7516439527/il_fullxfull.7516439527_ilng.jpg,https://i.etsystatic.com/33452318/r/il/b84bbd/7468511046/il_fullxfull.7468511046_5zec.jpg,https://i.etsystatic.com/33452318/r/il/edc5d9/7516445075/il_fullxfull.7516445075_p1l4.jpg,https://i.etsystatic.com/33452318/r/il/b01be3/7468515366/il_fullxfull.7468515366_8tsa.jpg,https://i.etsystatic.com/33452318/r/il/ce7bdd/7516448107/il_fullxfull.7516448107_d8fa.jpg,https://i.etsystatic.com/33452318/r/il/404bfc/7516449233/il_fullxfull.7516449233_7oem.jpg,,,,,"Custom Property",Size,"10&quot; × 8&quot; (120 pcs),14&quot; × 11&quot; (252 pcs),20&quot; × 16&quot; (500 pcs)",,,,"14934114319364087565,16737449651342289809,32221294978160898629"
"Snowy Church Jigsaw Puzzle, Serene Winter Chapel Scene","Step into a peaceful winter night glowing with faith and serenity.
This stunning jigsaw puzzle features a quiet snow-covered chapel surrounded by lanterns, pine trees, and a brilliant full moon. Warm golden light pours from the church windows, creating a breathtaking contrast against the deep blue night sky. It’s the kind of artwork that feels like stepping into a timeless Christmas story — comforting, spiritual, and deeply nostalgic.

Printed on high-quality puzzle board with sharp, vibrant detail, this collectible winter puzzle is made to last. Each piece feels sturdy and satisfying, fitting together with precision. Available in 120, 252, and 500 pieces, it’s perfect for beginners, seasoned puzzlers, and anyone who loves faith-inspired art.

Whether you're celebrating family game night, gifting something meaningful to a Christian friend, honoring a veteran or spiritual loved one, or adding a magical winter scene to your puzzle collection, this design brings peace, warmth, and wonder to your home.

Add to cart today and Armor Up your puzzle night!
Care instructions
- Wipe the dirt or dust off gently with a clean, dry microfiber cloth.",31.95,USD,2997,"winter_puzzle,christmas_puzzle,church_puzzle,night_sky_puzzle,snowy_puzzle,moonlit_puzzle,cozy_puzzle,family_puzzle,holiday_puzzle,scenic_puzzle,faith_puzzle,snowy_church,unique_art_puzzle","Paper,Cardboard",https://i.etsystatic.com/33452318/r/il/f2caac/7468538200/il_fullxfull.7468538200_amhb.jpg,https://i.etsystatic.com/33452318/r/il/3a2cf1/7516472055/il_fullxfull.7516472055_3rg9.jpg,https://i.etsystatic.com/33452318/r/il/0572a2/7516474685/il_fullxfull.7516474685_78w1.jpg,https://i.etsystatic.com/33452318/r/il/82fe9d/7468545674/il_fullxfull.7468545674_kdr9.jpg,https://i.etsystatic.com/33452318/r/il/be3a8e/7468547830/il_fullxfull.7468547830_hoby.jpg,https://i.etsystatic.com/33452318/r/il/3cc08f/7468549388/il_fullxfull.7468549388_hk68.jpg,,,,,"Custom Property",Size,"10&quot; × 8&quot; (120 pcs),14&quot; × 11&quot; (252 pcs),20&quot; × 16&quot; (500 pcs)",,,,"15803056280875156315,30558422335848434726,99257575563444262337"
"Christmas Town Jigsaw Puzzle, Festive Winter Village Art","Step into a glowing Christmas Eve filled with joy, music, and timeless holiday magic.
This beautifully illustrated jigsaw puzzle features a festive winter village scene complete with a towering Christmas tree, cheerful carolers, warm golden lights, wrapped gifts, and a charming church in the background. Every inch of the artwork radiates nostalgia, warmth, and that classic Christmas spirit people treasure year after year.

Printed on high-quality puzzle board with vibrant, professional-grade detail, this collectible puzzle is made to last through many family game nights. Available in 120 piece, 252 piece, and 500 piece options, it offers the perfect challenge for beginners and seasoned puzzlers alike.

Whether you’re a fan of faith-inspired imagery, vintage Christmas art, cozy fantasy village scenes, or you simply love unique puzzles that feel like stepping into a story, this design makes a heartfelt holiday gift. Perfect for Christian families, veterans, puzzle enthusiasts, and anyone who cherishes warm winter traditions.

Add to cart today and Armor Up your puzzle night!

Care instructions
- Wipe the dirt or dust off gently with a clean, dry microfiber cloth.",31.95,USD,2997,"christmas_puzzle,holiday_puzzle,vintage_christmas,family_puzzle,winter_village,christmas_decor,festive_gift,holiday_activity,puzzle_night,caroling_scene,nostalgic_art,snowy_town,christmas_tree","Paper,Cardboard",https://i.etsystatic.com/33452318/r/il/e5800e/7468554420/il_fullxfull.7468554420_dewz.jpg,https://i.etsystatic.com/33452318/r/il/c33767/7468556106/il_fullxfull.7468556106_nphm.jpg,https://i.etsystatic.com/33452318/r/il/360d0e/7468557876/il_fullxfull.7468557876_sbes.jpg,https://i.etsystatic.com/33452318/r/il/fc6fd8/7516491031/il_fullxfull.7516491031_c8mv.jpg,https://i.etsystatic.com/33452318/r/il/fb0149/7468561452/il_fullxfull.7468561452_36ps.jpg,https://i.etsystatic.com/33452318/r/il/06029a/7516495055/il_fullxfull.7516495055_5xsx.jpg,,,,,"Custom Property",Size,"10&quot; × 8&quot; (120 pcs),14&quot; × 11&quot; (252 pcs),20&quot; × 16&quot; (500 pcs)",,,,"16161673802130666404,33218894094045522441,33006555802702235727"
"Apostle Pawl cat saint illustration T-Shirt | Vintage religious parody tee","A soft, breathable cotton tee that brings whimsical charm and quiet wit to everyday wear. The front features a vintage-inspired, icon-style illustration of a dignified orange cat in noble robes — labeled ""Apostle Pawl"" — framed with decorative borders and warm, muted tones. It feels like a page from an illustrated folio: slightly humorous, artful, and made to be noticed without shouting. Wear it to start conversations at coffee shops, gallery nights, or casual meetups when you want something clever and comfortable on hand. The lightweight fabric drapes easily under jackets or on its own for a relaxed layered look.

Product features
- 100% Airlume combed & ring-spun cotton; lightweight 4.2 oz (142 g/m²) for breathability and easy layering
- Ribbed knit collar with seam and shoulder tape for shape retention and reduced stretching
- Side seams for improved structure and longer-lasting fit
- Tear-away neck label for comfort; REACH certified materials and ethically manufactured (Bella+Canvas)
- Sleeve and neck label prints produced with DTF/DTG techniques for crisp, vibrant detailed artwork

Care instructions
- Machine wash: cold (max 30C or 90F)
- Non-chlorine: bleach as needed
- Tumble dry: low heat
- Iron, steam or dry: medium heat
- Do not dryclean",24,USD,26973,,"Cotton,Polyester",https://i.etsystatic.com/33452318/r/il/51c933/8201574918/il_fullxfull.8201574918_igi8.jpg,https://i.etsystatic.com/33452318/r/il/dd7971/8249496473/il_fullxfull.8249496473_mv71.jpg,https://i.etsystatic.com/33452318/r/il/ba8310/8201576448/il_fullxfull.8201576448_1w4q.jpg,https://i.etsystatic.com/33452318/r/il/644ef2/8249497937/il_fullxfull.8249497937_s7zj.jpg,https://i.etsystatic.com/33452318/r/il/7ead4b/8249498561/il_fullxfull.8249498561_tmeo.jpg,,,,,,"Custom Property","Clothing sizes","XS,S,M,L,XL,2XL,3XL,4XL","Custom Property","Bella + Canvas Colors","Black,Army,Asphalt,Dark Grey,White","unavailable_sku,14409312824954456770,16422266830613359681,17158448338168293511,26964953855391212018,17473567103834706271,16590443196114655185,13366244441124091711,15287641831685287876,39007304824257859632,11680732883711810516,13507611745760848151,19699835296515332665,11015162296985554910,51033561982243766478,15003628728481735188,19904600853310780930,18471288221778817334,33728370058656678909,31624764998491355776,21615058695340775957,31784043837724009685,10614671205481688075,84950237897264006812,64931467601961149569,72033133381594529641,17201274764539509609,52946219531543535502"
"Sniper Overwatch Jigsaw Puzzle: Military Sunset, Tactical Art","One breath. One moment. Absolute focus.
This powerful jigsaw puzzle captures a lone sniper in full overwatch position at sunset, wrapped in camouflage and precision, watching the horizon with unwavering resolve. The warm glow of dusk contrasts against the cold discipline of the mission, creating a dramatic, cinematic military artwork that commands attention.

Designed as both a collectible and a meaningful gift, this puzzle is perfect for veterans, tactical enthusiasts, military supporters, and fans of realistic war art. The image speaks to patience, discipline, sacrifice, and duty without saying a single word.

Printed on durable, high quality puzzle board with sharp detail and rich color depth, this puzzle is built for repeated assembly and long term enjoyment. Available in 120 piece, 252 piece, and 500 piece options, it works for casual puzzlers, serious builders, and focused solo sessions alike.

Whether it is for a veteran gift, military themed decor, nerd culture appreciation, or a challenging family game night centerpiece, this unique art puzzle delivers intensity and craftsmanship in every piece.

Add to cart today and Armor Up your puzzle night!

Care instructions
- Wipe the dirt or dust off gently with a clean, dry microfiber cloth.",31.95,USD,2997,"sniper_puzzle,military_puzzle,sunset_puzzle,outdoor_puzzle,tactical_puzzle,camouflage_puzzle,scenic_puzzle,gift_for_him,adult_jigsaw,hobbyist_gift,soldier_puzzle,gun_enthusiast,man_cave_decor","Paper,Cardboard",https://i.etsystatic.com/33452318/r/il/243a5a/7501581256/il_fullxfull.7501581256_fjyn.jpg,https://i.etsystatic.com/33452318/r/il/96367c/7549518439/il_fullxfull.7549518439_94ii.jpg,https://i.etsystatic.com/33452318/r/il/e93f26/7501584014/il_fullxfull.7501584014_3esk.jpg,https://i.etsystatic.com/33452318/r/il/db74c8/7549521785/il_fullxfull.7549521785_5jp5.jpg,https://i.etsystatic.com/33452318/r/il/869c2a/7501587514/il_fullxfull.7501587514_s07w.jpg,https://i.etsystatic.com/33452318/r/il/f084d6/7549525209/il_fullxfull.7549525209_bfbn.jpg,,,,,"Custom Property",Size,"10&quot; × 8&quot; (120 pcs),14&quot; × 11&quot; (252 pcs),20&quot; × 16&quot; (500 pcs)",,,,"32699551412876529190,19098505318838710217,31317074221814718362"
"Mountain Trek Jigsaw Puzzle: Fantasy Warriors, Snowy Valley","A journey carved in ice stone and legend begins with a single step.
This breathtaking jigsaw puzzle captures a band of warriors crossing a frozen mountain pass, dwarfed by towering cliffs carved with ancient stone kings. The golden sky and snow covered valley evoke a mythic fantasy world filled with destiny courage and forgotten gods.

Designed as a collectible and a powerful gift, this artwork is perfect for fantasy lovers tabletop gamers readers of epic sagas and fans of nerd culture. The scene feels timeless and heroic, making it a striking centerpiece for any puzzle table or display.

Crafted on durable high quality puzzle board with crisp detail and rich painterly texture, this puzzle is made to be assembled again and again. Available in 120 piece 252 piece and 500 piece options, it suits relaxed family game night sessions or immersive solo builds.

Whether given as a fantasy gift a unique art puzzle for collectors or a winter themed challenge, this piece blends adventure imagination and craftsmanship into one unforgettable experience.

Add to cart today and Armor Up your puzzle night!
Care instructions
- Wipe the dirt or dust off gently with a clean, dry microfiber cloth.",31.95,USD,2997,"mountain_puzzle,scenic_puzzle,winter_puzzle,fantasy_puzzle,epic_landscape,adventure_puzzle,snowy_puzzle,brain_teaser,gift_for_dad,travel_puzzle,meditative_hobby,cozy_night_puzzle,family_activity","Paper,Cardboard",https://i.etsystatic.com/33452318/r/il/50863d/7549568373/il_fullxfull.7549568373_pac9.jpg,https://i.etsystatic.com/33452318/r/il/a38087/7501634948/il_fullxfull.7501634948_l6ub.jpg,https://i.etsystatic.com/33452318/r/il/f545af/7549575161/il_fullxfull.7549575161_f0p0.jpg,https://i.etsystatic.com/33452318/r/il/9c38b8/7549577735/il_fullxfull.7549577735_i4ju.jpg,https://i.etsystatic.com/33452318/r/il/478d2a/7501643458/il_fullxfull.7501643458_jiqn.jpg,https://i.etsystatic.com/33452318/r/il/658853/7501646568/il_fullxfull.7501646568_c51x.jpg,,,,,"Custom Property",Size,"10&quot; × 8&quot; (120 pcs),14&quot; × 11&quot; (252 pcs),20&quot; × 16&quot; (500 pcs)",,,,"26768453587453927601,64746195603524176285,22063375882086643969"
"Dragon Fire Fortress Jigsaw Puzzle, Epic Fantasy Art","Unleash the fire. Command the legend. Conquer the puzzle.
This stunning jigsaw puzzle features a colossal fire breathing dragon perched atop a ruined stone tower, wings spread wide as molten flames pour from its jaws. Set against a storm torn sky and glowing embers, this artwork captures the raw power and mythic grandeur of epic fantasy worlds.

Designed as a collectible centerpiece and an unforgettable gift, this puzzle is perfect for fantasy lovers tabletop gamers dragon enthusiasts and fans of nerd culture. The dramatic lighting detailed scales and fiery atmosphere make it a bold statement piece once completed and a thrilling challenge while assembling.

Printed on durable high quality puzzle board with sharp vibrant color reproduction, this puzzle is built to last through countless builds. Available in 120 piece 252 piece and 500 piece options, it works perfectly for relaxed family game night sessions or intense solo puzzle battles.

Whether you are gifting to a fantasy reader gamer veteran of RPG campaigns or collecting unique art puzzles, this dragon brings fire and legend straight to your table.

Add to cart today and Armor Up your puzzle night!

Care instructions
- Wipe the dirt or dust off gently with a clean, dry microfiber cloth.",31.95,USD,2997,"dragon_puzzle,fantasy_puzzle,fire_dragon,castle_puzzle,kids_puzzle,adult_puzzle,epic_jigsaw,mythical_puzzle,medieval_decor,flame_artwork,gift_for_gamer,stormy_landscape,dragon_lover","Paper,Cardboard",https://i.etsystatic.com/33452318/r/il/1d3a55/7501663828/il_fullxfull.7501663828_j5p9.jpg,https://i.etsystatic.com/33452318/r/il/533c30/7549602033/il_fullxfull.7549602033_hail.jpg,https://i.etsystatic.com/33452318/r/il/57be90/7501666640/il_fullxfull.7501666640_dm9y.jpg,https://i.etsystatic.com/33452318/r/il/e14692/7501667606/il_fullxfull.7501667606_swui.jpg,https://i.etsystatic.com/33452318/r/il/a11746/7501669156/il_fullxfull.7501669156_mlif.jpg,https://i.etsystatic.com/33452318/r/il/688ade/7549607463/il_fullxfull.7549607463_eath.jpg,,,,,"Custom Property",Size,"10&quot; × 8&quot; (120 pcs),14&quot; × 11&quot; (252 pcs),20&quot; × 16&quot; (500 pcs)",,,,"14349430977822162697,35198868007109836562,77194871009766133777"
"Fantasy Castle Sunset Jigsaw Puzzle: Epic Cliffside Art","Lose yourself in a golden-hour kingdom. This art puzzle captures a cliffside castle bathed in sunset — warm light spilling across turrets, a glassy river cutting through mossy rocks, and distant mountains soft with evening haze. Piece by piece you’ll uncover glowing windows, jewel-bright skies, and tiny landscape details that reward a slow, focused mind. It’s meditative and transporting: a quiet evening ritual for anyone who loves illustrated worlds and tactile, analog escape.

Product features
- Available in 120, 252 or 500 chipboard pieces
- Vibrant, crisp colors with glossy finish
- Comes in a printed paper box showcasing the finished image
- Made from 100% chipboard (pieces) and 100% paper (box)
- Recommended for ages 9 and up; gift-ready packaging

Care instructions
- Wipe the dirt or dust off gently with a clean, dry microfiber cloth.",31.95,USD,2997,"castle_puzzle,sunset_puzzle,scenic_puzzle,fantasy_puzzle,landscape_puzzle,puzzle_gift,family_puzzle,adult_puzzle,kids_puzzle,relaxing_puzzle,meditative_puzzle,hotel_decor,travel_puzzle","Paper,Cardboard",https://i.etsystatic.com/33452318/r/il/5baefb/7501712066/il_fullxfull.7501712066_hocg.jpg,https://i.etsystatic.com/33452318/r/il/6a103f/7501713038/il_fullxfull.7501713038_rgqu.jpg,https://i.etsystatic.com/33452318/r/il/a16a64/7549651953/il_fullxfull.7549651953_gg75.jpg,https://i.etsystatic.com/33452318/r/il/48f967/7501716308/il_fullxfull.7501716308_kqne.jpg,https://i.etsystatic.com/33452318/r/il/ed39fc/7501717450/il_fullxfull.7501717450_s8cm.jpg,https://i.etsystatic.com/33452318/r/il/8c6c77/7549655595/il_fullxfull.7549655595_fgyk.jpg,,,,,"Custom Property",Size,"10&quot; × 8&quot; (120 pcs),14&quot; × 11&quot; (252 pcs),20&quot; × 16&quot; (500 pcs)",,,,"49113462615608538646,27388268631019067880,14563072674839415552"
"Naval Battle Painting Puzzle | Historical Warship Jigsaw Puzzle","A storm-tossed naval scene comes to life in this high-quality puzzle, transforming quiet afternoons into a hands-on voyage through history. The artwork captures ironclad warships cutting through churning grey seas, smoke and flame softening into painterly tones. Each piece locks into place with a glossy finish that deepens the muted palette and brings out details in the rigging, spray, and plumes of smoke. It’s the kind of puzzle that draws you in — the hush of concentration, the slow reveal of structure, the small triumph when a difficult cluster snaps together. Packaged with the finished image on the box, this puzzle arrives ready for a focused evening, a quiet weekend project, or to share with a fellow history lover.

Product features
- Available in 120, 252, or 500 pieces to match skill level
- High-quality 100% chipboard pieces with vibrant sublimated print
- Glossy finish enhances contrast and painterly detail
- Comes in a paper box with the finished image shown on top
- Recommended for ages 9 and up; packaged gift-ready

Care instructions
- Wipe the dirt or dust off gently with a clean, dry microfiber cloth.",31.95,USD,2997,"naval_puzzle,warship_puzzle,historical_puzzle,sea_battle,ocean_scene,marine_art,sailor_gift,tough_puzzle,gift_for_him,battle_artwork,antique_ship,navy_decor","Paper,Cardboard",https://i.etsystatic.com/33452318/r/il/b75b40/7669824904/il_fullxfull.7669824904_4ie2.jpg,https://i.etsystatic.com/33452318/r/il/37d548/7669825234/il_fullxfull.7669825234_7giy.jpg,https://i.etsystatic.com/33452318/r/il/8eb7eb/7717784103/il_fullxfull.7717784103_a1p1.jpg,https://i.etsystatic.com/33452318/r/il/d495be/7669825854/il_fullxfull.7669825854_jaqh.jpg,https://i.etsystatic.com/33452318/r/il/9dc55e/7717784745/il_fullxfull.7717784745_tgx8.jpg,https://i.etsystatic.com/33452318/r/il/afe71e/7717785115/il_fullxfull.7717785115_g9e8.jpg,,,,,"Custom Property",Size,"10&quot; × 8&quot; (120 pcs),14&quot; × 11&quot; (252 pcs),20&quot; × 16&quot; (500 pcs)",,,,"20084253502165473874,12329008548197746960,68283354595572504982"
"WWII Tank Puzzle | Military History Art | Veteran & Army Dad Gift","WWII Tank Illustration — a one-of-a-kind piece for anyone who loves military history and service.

This design was created with AI assistance under the seller's creative direction.

High-quality print, made to order — nothing sits in a warehouse, so every piece is fresh.

The puzzle comes in 120, 252, or 500-piece options — pick your challenge level.

Ships from a made-to-order print partner, typically within 3-7 business days.

A meaningful, conversation-starting gift or a piece for your own wall.

Questions before you order? Just message the shop — happy to help.

Care instructions
- Wipe the dirt or dust off gently with a clean, dry microfiber cloth.",31.95,USD,2997,"500_piece_puzzle,adult_jigsaw_puzzle,jigsaw_puzzle_gift,puzzle_lover_gift,family_game_night,puzzle_wall_art,veteran_tribute_gift,military_art_puzzle,tank_art_puzzle,wwii_history_gift,patriotic_wall_decor,army_dad_gift,memorial_day_gift","Paper,Cardboard",https://i.etsystatic.com/33452318/r/il/86bf9d/7717792805/il_fullxfull.7717792805_kdt9.jpg,https://i.etsystatic.com/33452318/r/il/9ae379/7669834680/il_fullxfull.7669834680_kgah.jpg,https://i.etsystatic.com/33452318/r/il/73c7d8/7669835004/il_fullxfull.7669835004_2p98.jpg,https://i.etsystatic.com/33452318/r/il/2a8459/7717793755/il_fullxfull.7717793755_q09l.jpg,https://i.etsystatic.com/33452318/r/il/c1cc88/7669835502/il_fullxfull.7669835502_9cew.jpg,https://i.etsystatic.com/33452318/r/il/ec8e76/7717794339/il_fullxfull.7717794339_ow4w.jpg,,,,,"Custom Property",Size,"10&quot; × 8&quot; (120 pcs),14&quot; × 11&quot; (252 pcs),20&quot; × 16&quot; (500 pcs)",,,,"25847451589765709405,10179610355267394951,22977278656714886828"
"Shangrao Chinese Watercolor Village Puzzle","This vintage-style puzzle brings a calm, river-town scene into your home, with misty mountains, arched stone bridges, and slow-moving boats rendered in warm sepia tones. The tactile chipboard pieces and glossy finish make each puzzle session feel like stepping into an old illustrated scroll. Lay it out on a table, trace the brushlike textures with your eyes, and let the quiet composition slow the pace of the day. It encourages relaxed focus and conversation, whether spread across an evening with family or set out as a thoughtful tabletop display once assembled.

Product features
- Available in 120, 252, or 500-piece counts to suit different attention spans
- High-quality 100% chipboard pieces with vibrant sublimated printing and glossy finish
- Comes in a compact paper box that displays the finished image for gifting or storage
- Finished puzzle image printed on the box; convenient gift-ready packaging
- Recommended for ages 9 and up; pieces sized and cut for a satisfying fit

Care instructions
- Wipe the dirt or dust off gently with a clean, dry microfiber cloth.",31.95,USD,2997,"sepia_puzzle,Chinese_village,boat_puzzle,river_scene,Asian_landscape,Scenic_jigsaw,relaxing_puzzle,family_activity,mindful_pastime,gifts_for_adults,travel_nostalgia,cultural_decor,meditative_game","Paper,Cardboard",https://i.etsystatic.com/33452318/r/il/6e3c3d/7669866428/il_fullxfull.7669866428_91ri.jpg,https://i.etsystatic.com/33452318/r/il/8d78d8/7717825555/il_fullxfull.7717825555_bhe9.jpg,https://i.etsystatic.com/33452318/r/il/66d879/7669867026/il_fullxfull.7669867026_s2io.jpg,https://i.etsystatic.com/33452318/r/il/2a8c81/7717832797/il_fullxfull.7717832797_hks7.jpg,https://i.etsystatic.com/33452318/r/il/0c0b52/7717834203/il_fullxfull.7717834203_8r0z.jpg,https://i.etsystatic.com/33452318/r/il/c001e9/7717836165/il_fullxfull.7717836165_mi7n.jpg,,,,,"Custom Property",Size,"10&quot; × 8&quot; (120 pcs),14&quot; × 11&quot; (252 pcs),20&quot; × 16&quot; (500 pcs)",,,,"29329072407608654139,11127610072918089962,14944526319949444501"
"Bald Eagle Puzzle | Mountain Lake Sunrise Wildlife Art | Patriotic Gift","Bald Eagle at Mountain Lake Sunrise — a one-of-a-kind piece for anyone who loves American wildlife and the outdoors.

This design was created with AI assistance under the seller's creative direction.

High-quality print, made to order — nothing sits in a warehouse, so every piece is fresh.

The puzzle comes in 120, 252, or 500-piece options — pick your challenge level.

Ships from a made-to-order print partner, typically within 3-7 business days.

A meaningful, conversation-starting gift or a piece for your own wall.


Questions before you order? Just message the shop — happy to help.

Care instructions
- Wipe the dirt or dust off gently with a clean, dry microfiber cloth.",31.95,USD,2997,"500_piece_puzzle,adult_jigsaw_puzzle,jigsaw_puzzle_gift,puzzle_lover_gift,family_game_night,puzzle_wall_art,bald_eagle_art_gift,wildlife_art_puzzle,patriotic_wall_decor,nature_lover_gift,mountain_lake_art,americana_wall_decor,eagle_lover_gift","Paper,Cardboard",https://i.etsystatic.com/33452318/r/il/dd91e2/7669878694/il_fullxfull.7669878694_jfwe.jpg,https://i.etsystatic.com/33452318/r/il/1cb363/7669875550/il_fullxfull.7669875550_9q47.jpg,https://i.etsystatic.com/33452318/r/il/acf9da/7717836535/il_fullxfull.7717836535_sdvm.jpg,https://i.etsystatic.com/33452318/r/il/b3824a/7669877930/il_fullxfull.7669877930_sp2q.jpg,https://i.etsystatic.com/33452318/r/il/31b025/7717838583/il_fullxfull.7717838583_376v.jpg,https://i.etsystatic.com/33452318/r/il/26e3c2/7717839141/il_fullxfull.7717839141_rvz2.jpg,,,,,"Custom Property",Size,"10&quot; × 8&quot; (120 pcs),14&quot; × 11&quot; (252 pcs),20&quot; × 16&quot; (500 pcs)",,,,"28461303533271814416,32669506124231293361,30900312460777792789"
"USA Flag Hockey T-Shirt: American Hockey Fan Gift","USA Flag Hockey T-Shirt American Team Hockey USA Flag T-shirt USA Hockey Fan T-shirt

 Perfect gift for Your hockey fan.Great t-shirt! 


This classic unisex jersey short sleeve tee fits like a well-loved favorite. 
Soft cotton and quality print make users fall in love with it over and over again.
These t-shirts have ribbed knit collars to bolster shaping. 
The shoulders have taping for a better fit over time. Dual side seams hold the garment's shape for longer. \n.: 100% Airlume combed and ringspun cotton (fiber content may vary for different colors)",23.95,USD,29969,,,https://i.etsystatic.com/33452318/r/il/20afaa/3616095439/il_fullxfull.3616095439_9k6a.jpg,https://i.etsystatic.com/33452318/r/il/751b13/3596658251/il_fullxfull.3596658251_mnxt.jpg,https://i.etsystatic.com/33452318/r/il/18a87f/3596658303/il_fullxfull.3596658303_3af4.jpg,https://i.etsystatic.com/33452318/r/il/b18cf3/3596658309/il_fullxfull.3596658309_nrfr.jpg,https://i.etsystatic.com/33452318/r/il/0dd2cb/3596658345/il_fullxfull.3596658345_2x9w.jpg,https://i.etsystatic.com/33452318/r/il/58e986/3596658393/il_fullxfull.3596658393_js27.jpg,,,,,"Custom Property",Colors,"Asphalt,Black,Dark Grey,Dark Grey Heather,Heather Navy","Custom Property",Sizes,"S,M,L,XL,2XL,3XL","26509094154203929800,32562234926573948629,20301934095027964278,17210931280393702562,22605166892928391098,13098270169010834023,58025412262576884373,22142417388864962212,62156042454661949892,25983630830556825895,17950795334196037991,13292707960580431405,18740207900695904478,36109713635421381919,17354077728478414902,12619487632041239691,12714346307484376857,80752536311277706420,60609378182313588064,32821192056731622056,22513927551821777947,30099050873689266249,26379355711791407334,11561384199642682930,92652204838806550618,25628155085467293184,26984468317452867362,22994957686378871521,17041756244911799657,27944629445236896929"
"Lion of Judah Christian Shirt: Unisex Bible Verse Tee","Lion of Judah Christian vintage shirt – to know we are protected.

A unisex shirt for the Christian in your life makes a great gift Idea!

Please scroll through photos to view color and size charts
Available in unisex adult size S - 3XL

Colors: Black, Dark Gray, Heather Gray Heather Navy Blue, Asphalt 

•	100% Airlume combed and ringspun cotton (fiber content may vary for different colors)
•	Light fabric (4.2 oz/yd² (142 g/m²))
•	Retail fit
•	Tear away label
•	Runs true to size

Fiber composition
Solid colors are 100% cotton except Ash - 99% cotton and 1% polyester, heather colors are 52% cotton, 48% polyester (Athletic Heather and Black Heather are 90% cotton, 10% polyester)

With side seams
Located along the sides, they help hold the garment's shape longer and give it structural support

Ribbed knit collar with seam
Ribbed knit makes the collar highly elastic and helps retain its shape

Shoulder tape
Twill tape covers the shoulder seams to stabilize the back of the garment and prevent stretching

Care instructions:
Machine wash: warm (max 40C or 105F); Non-chlorine: bleach as needed; Tumble dry: low heat; Iron, steam or dry: medium heat; Do not dry clean.

Size Charge:
S – 	   W 17.99in , L 27.99in 
M –    W 20.00in , L 29.02in
L –	   W 22.01in , L 30.00in
XL –   W 24.02in , L 31.02in
2XL – W 25.98in , L 32.01in
3XL – W 27.99in , L 32.99in",28.99,USD,35964,,,https://i.etsystatic.com/33452318/r/il/522045/7252531223/il_fullxfull.7252531223_6tuk.jpg,https://i.etsystatic.com/33452318/r/il/ef4caa/7252531915/il_fullxfull.7252531915_ajya.jpg,https://i.etsystatic.com/33452318/r/il/d0c5c6/7252533853/il_fullxfull.7252533853_lyu8.jpg,https://i.etsystatic.com/33452318/r/il/c9a8b7/7252534529/il_fullxfull.7252534529_8xfx.jpg,https://i.etsystatic.com/33452318/r/il/e5a0b8/7252534885/il_fullxfull.7252534885_emf7.jpg,https://i.etsystatic.com/33452318/r/il/d88308/7252535929/il_fullxfull.7252535929_ru9w.jpg,https://i.etsystatic.com/33452318/r/il/d09035/7252536319/il_fullxfull.7252536319_1bqw.jpg,https://i.etsystatic.com/33452318/r/il/7770e0/7252537055/il_fullxfull.7252537055_llgm.jpg,https://i.etsystatic.com/33452318/r/il/ce9218/7204558572/il_fullxfull.7204558572_j23r.jpg,https://i.etsystatic.com/33452318/r/il/30bb92/7204559756/il_fullxfull.7204559756_8duv.jpg,"Custom Property",Colors,"Asphalt,Black,Dark Grey,Dark Grey Heather,Heather Navy,Navy","Custom Property",Sizes,"S,M,L,XL,2XL,3XL","83585572601955720630,18927904949561697127,16829815808505597804,28160024798266976369,21989176240317158217,14393462963981369933,25031656629560766221,29898406071578248503,44821710695353751375,32759087569300555414,31013130656149020695,56024198834812680103,32773386910737869229,11505118812358215822,21788305440693033504,19040820367794330464,24868231366235055447,26106745366666278649,12958843459154035315,48835416008479843080,11403385836601962342,24696614111419254997,11123566341474684384,18281636214260513154,10871854205263202496,96788932634409104665,54944308390140992379,11663315077504664109,33944578063286182641,73924941230946939884,26261976339658488629,29708228684757009542,57697865869708924123,77441007055899512505,19113875524627776378,23233499480031141764"
